0 verbose cli C:\Program Files\nodejs\node.exe C:\Program Files\nodejs\node_modules\npm\bin\npm-cli.js
1 info using npm@10.9.3
2 info using node@v22.20.0
3 silly config load:file:C:\Program Files\nodejs\node_modules\npm\npmrc
4 silly config load:file:C:\Users\Usuario\Desktop\hackas\instituto-med-FEAT-Fluxograma\.npmrc
5 silly config load:file:C:\Users\Usuario\.npmrc
6 silly config load:file:C:\Users\Usuario\AppData\Roaming\npm\etc\npmrc
7 verbose title npm install
8 verbose argv "install" "--cache" ".npm-cache"
9 verbose logfile logs-max:10 dir:C:\Users\Usuario\Desktop\hackas\instituto-med-FEAT-Fluxograma\.npm-cache\_logs\2026-09-02T00_30_38_056Z-
10 verbose logfile C:\Users\Usuario\Desktop\hackas\instituto-med-FEAT-Fluxograma\.npm-cache\_logs\2026-09-02T00_30_38_056Z-debug-0.log
11 silly logfile done cleaning log files
12 silly packumentCache heap:2197815296 maxSize:549453824 maxEntrySize:274726912
13 silly idealTree buildDeps
14 warn EBADENGINE Unsupported engine {
14 warn EBADENGINE   package: 'json-parse-even-better-errors@6.0.0',
14 warn EBADENGINE   required: { node: '^22.22.2 || ^24.15.0 || >=26.0.0' },
14 warn EBADENGINE   current: { node: 'v22.20.0', npm: '10.9.3' }
14 warn EBADENGINE }
15 warn EBADENGINE Unsupported engine {
15 warn EBADENGINE   package: 'npm-normalize-package-bin@6.0.0',
15 warn EBADENGINE   required: { node: '^22.22.2 || ^24.15.0 || >=26.0.0' },
15 warn EBADENGINE   current: { node: 'v22.20.0', npm: '10.9.3' }
15 warn EBADENGINE }
16 warn EBADENGINE Unsupported engine {
16 warn EBADENGINE   package: 'npm-run-all2@9.0.3',
16 warn EBADENGINE   required: { node: '^22.22.2 || ^24.15.0 || >=26.0.0', npm: '>= 10' },
16 warn EBADENGINE   current: { node: 'v22.20.0', npm: '10.9.3' }
16 warn EBADENGINE }
17 warn EBADENGINE Unsupported engine {
17 warn EBADENGINE   package: 'which@7.0.0',
17 warn EBADENGINE   required: { node: '^22.22.2 || ^24.15.0 || >=26.0.0' },
17 warn EBADENGINE   current: { node: 'v22.20.0', npm: '10.9.3' }
17 warn EBADENGINE }
18 warn EBADENGINE Unsupported engine {
18 warn EBADENGINE   package: 'read-package-json-fast@6.0.0',
18 warn EBADENGINE   required: { node: '^22.22.2 || ^24.15.0 || >=26.0.0' },
18 warn EBADENGINE   current: { node: 'v22.20.0', npm: '10.9.3' }
18 warn EBADENGINE }
19 http fetch GET 200 https://registry.npmjs.org/npm 1085ms
20 silly reify mark retired [
20 silly reify   'C:\\Users\\Usuario\\Desktop\\hackas\\instituto-med-FEAT-Fluxograma\\node_modules\\acorn'
20 silly reify ]
21 silly reify mark retired [
21 silly reify   'C:\\Users\\Usuario\\Desktop\\hackas\\instituto-med-FEAT-Fluxograma\\node_modules\\ansi-styles'
21 silly reify ]
22 silly reify mark retired [
22 silly reify   'C:\\Users\\Usuario\\Desktop\\hackas\\instituto-med-FEAT-Fluxograma\\node_modules\\ansis'
22 silly reify ]
23 silly reify mark retired [
23 silly reify   'C:\\Users\\Usuario\\Desktop\\hackas\\instituto-med-FEAT-Fluxograma\\node_modules\\ast-walker-scope'
23 silly reify ]
24 silly reify mark retired [
24 silly reify   'C:\\Users\\Usuario\\Desktop\\hackas\\instituto-med-FEAT-Fluxograma\\node_modules\\baseline-browser-mapping'
24 silly reify ]
25 silly reify mark retired [
25 silly reify   'C:\\Users\\Usuario\\Desktop\\hackas\\instituto-med-FEAT-Fluxograma\\node_modules\\bootstrap'
25 silly reify ]
26 silly reify mark retired [
26 silly reify   'C:\\Users\\Usuario\\Desktop\\hackas\\instituto-med-FEAT-Fluxograma\\node_modules\\brace-expansion'
26 silly reify ]
27 silly reify mark retired [
27 silly reify   'C:\\Users\\Usuario\\Desktop\\hackas\\instituto-med-FEAT-Fluxograma\\node_modules\\browserslist'
27 silly reify ]
28 silly reify mark retired [
28 silly reify   'C:\\Users\\Usuario\\Desktop\\hackas\\instituto-med-FEAT-Fluxograma\\node_modules\\caniuse-lite'
28 silly reify ]
29 silly reify mark retired [
29 silly reify   'C:\\Users\\Usuario\\Desktop\\hackas\\instituto-med-FEAT-Fluxograma\\node_modules\\electron-to-chromium'
29 silly reify ]
30 silly reify mark retired [
30 silly reify   'C:\\Users\\Usuario\\Desktop\\hackas\\instituto-med-FEAT-Fluxograma\\node_modules\\eslint'
30 silly reify ]
31 silly reify mark retired [
31 silly reify   'C:\\Users\\Usuario\\Desktop\\hackas\\instituto-med-FEAT-Fluxograma\\node_modules\\eslint-plugin-oxlint'
31 silly reify ]
32 silly reify mark retired [
32 silly reify   'C:\\Users\\Usuario\\Desktop\\hackas\\instituto-med-FEAT-Fluxograma\\node_modules\\eslint-plugin-vue'
32 silly reify ]
33 silly reify mark retired [
33 silly reify   'C:\\Users\\Usuario\\Desktop\\hackas\\instituto-med-FEAT-Fluxograma\\node_modules\\exsolve'
33 silly reify ]
34 silly reify mark retired [
34 silly reify   'C:\\Users\\Usuario\\Desktop\\hackas\\instituto-med-FEAT-Fluxograma\\node_modules\\flatted'
34 silly reify ]
35 silly reify mark retired [
35 silly reify   'C:\\Users\\Usuario\\Desktop\\hackas\\instituto-med-FEAT-Fluxograma\\node_modules\\fsevents'
35 silly reify ]
36 silly reify mark retired [
36 silly reify   'C:\\Users\\Usuario\\Desktop\\hackas\\instituto-med-FEAT-Fluxograma\\node_modules\\globals'
36 silly reify ]
37 silly reify mark retired [
37 silly reify   'C:\\Users\\Usuario\\Desktop\\hackas\\instituto-med-FEAT-Fluxograma\\node_modules\\is-in-ssh'
37 silly reify ]
38 silly reify mark retired [
38 silly reify   'C:\\Users\\Usuario\\Desktop\\hackas\\instituto-med-FEAT-Fluxograma\\node_modules\\json-parse-even-better-errors'
38 silly reify ]
39 silly reify mark retired [
39 silly reify   'C:\\Users\\Usuario\\Desktop\\hackas\\instituto-med-FEAT-Fluxograma\\node_modules\\lightningcss-android-arm64'
39 silly reify ]
40 silly reify mark retired [
40 silly reify   'C:\\Users\\Usuario\\Desktop\\hackas\\instituto-med-FEAT-Fluxograma\\node_modules\\lightningcss-darwin-arm64'
40 silly reify ]
41 silly reify mark retired [
41 silly reify   'C:\\Users\\Usuario\\Desktop\\hackas\\instituto-med-FEAT-Fluxograma\\node_modules\\lightningcss-darwin-x64'
41 silly reify ]
42 silly reify mark retired [
42 silly reify   'C:\\Users\\Usuario\\Desktop\\hackas\\instituto-med-FEAT-Fluxograma\\node_modules\\lightningcss-freebsd-x64'
42 silly reify ]
43 silly reify mark retired [
43 silly reify   'C:\\Users\\Usuario\\Desktop\\hackas\\instituto-med-FEAT-Fluxograma\\node_modules\\lightningcss-linux-arm-gnueabihf'
43 silly reify ]
44 silly reify mark retired [
44 silly reify   'C:\\Users\\Usuario\\Desktop\\hackas\\instituto-med-FEAT-Fluxograma\\node_modules\\lightningcss-linux-arm64-gnu'
44 silly reify ]
45 silly reify mark retired [
45 silly reify   'C:\\Users\\Usuario\\Desktop\\hackas\\instituto-med-FEAT-Fluxograma\\node_modules\\lightningcss-linux-arm64-musl'
45 silly reify ]
46 silly reify mark retired [
46 silly reify   'C:\\Users\\Usuario\\Desktop\\hackas\\instituto-med-FEAT-Fluxograma\\node_modules\\lightningcss-linux-x64-gnu'
46 silly reify ]
47 silly reify mark retired [
47 silly reify   'C:\\Users\\Usuario\\Desktop\\hackas\\instituto-med-FEAT-Fluxograma\\node_modules\\lightningcss-linux-x64-musl'
47 silly reify ]
48 silly reify mark retired [
48 silly reify   'C:\\Users\\Usuario\\Desktop\\hackas\\instituto-med-FEAT-Fluxograma\\node_modules\\lightningcss-win32-arm64-msvc'
48 silly reify ]
49 silly reify mark retired [
49 silly reify   'C:\\Users\\Usuario\\Desktop\\hackas\\instituto-med-FEAT-Fluxograma\\node_modules\\local-pkg'
49 silly reify ]
50 silly reify mark retired [
50 silly reify   'C:\\Users\\Usuario\\Desktop\\hackas\\instituto-med-FEAT-Fluxograma\\node_modules\\minimatch'
50 silly reify ]
51 silly reify mark retired [
51 silly reify   'C:\\Users\\Usuario\\Desktop\\hackas\\instituto-med-FEAT-Fluxograma\\node_modules\\node-releases'
51 silly reify ]
52 silly reify mark retired [
52 silly reify   'C:\\Users\\Usuario\\Desktop\\hackas\\instituto-med-FEAT-Fluxograma\\node_modules\\nostics'
52 silly reify ]
53 silly reify mark retired [
53 silly reify   'C:\\Users\\Usuario\\Desktop\\hackas\\instituto-med-FEAT-Fluxograma\\node_modules\\npm-normalize-package-bin'
53 silly reify ]
54 silly reify mark retired [
54 silly reify   'C:\\Users\\Usuario\\Desktop\\hackas\\instituto-med-FEAT-Fluxograma\\node_modules\\npm-run-all2'
54 silly reify ]
55 silly reify mark retired [
55 silly reify   'C:\\Users\\Usuario\\Desktop\\hackas\\instituto-med-FEAT-Fluxograma\\node_modules\\obug'
55 silly reify ]
56 silly reify mark retired [
56 silly reify   'C:\\Users\\Usuario\\Desktop\\hackas\\instituto-med-FEAT-Fluxograma\\node_modules\\open'
56 silly reify ]
57 silly reify mark retired [
57 silly reify   'C:\\Users\\Usuario\\Desktop\\hackas\\instituto-med-FEAT-Fluxograma\\node_modules\\oxlint'
57 silly reify ]
58 silly reify mark retired [
58 silly reify   'C:\\Users\\Usuario\\Desktop\\hackas\\instituto-med-FEAT-Fluxograma\\node_modules\\picomatch'
58 silly reify ]
59 silly reify mark retired [
59 silly reify   'C:\\Users\\Usuario\\Desktop\\hackas\\instituto-med-FEAT-Fluxograma\\node_modules\\pidtree'
59 silly reify ]
60 silly reify mark retired [
60 silly reify   'C:\\Users\\Usuario\\Desktop\\hackas\\instituto-med-FEAT-Fluxograma\\node_modules\\postcss-selector-parser'
60 silly reify ]
61 silly reify mark retired [
61 silly reify   'C:\\Users\\Usuario\\Desktop\\hackas\\instituto-med-FEAT-Fluxograma\\node_modules\\powershell-utils'
61 silly reify ]
62 silly reify mark retired [
62 silly reify   'C:\\Users\\Usuario\\Desktop\\hackas\\instituto-med-FEAT-Fluxograma\\node_modules\\prettier'
62 silly reify ]
63 silly reify mark retired [
63 silly reify   'C:\\Users\\Usuario\\Desktop\\hackas\\instituto-med-FEAT-Fluxograma\\node_modules\\read-package-json-fast'
63 silly reify ]
64 silly reify mark retired [
64 silly reify   'C:\\Users\\Usuario\\Desktop\\hackas\\instituto-med-FEAT-Fluxograma\\node_modules\\readdirp'
64 silly reify ]
65 silly reify mark retired [
65 silly reify   'C:\\Users\\Usuario\\Desktop\\hackas\\instituto-med-FEAT-Fluxograma\\node_modules\\rolldown'
65 silly reify ]
66 silly reify mark retired [
66 silly reify   'C:\\Users\\Usuario\\Desktop\\hackas\\instituto-med-FEAT-Fluxograma\\node_modules\\semver'
66 silly reify ]
67 silly reify mark retired [
67 silly reify   'C:\\Users\\Usuario\\Desktop\\hackas\\instituto-med-FEAT-Fluxograma\\node_modules\\shell-quote'
67 silly reify ]
68 silly reify mark retired [
68 silly reify   'C:\\Users\\Usuario\\Desktop\\hackas\\instituto-med-FEAT-Fluxograma\\node_modules\\unplugin'
68 silly reify ]
69 silly reify mark retired [
69 silly reify   'C:\\Users\\Usuario\\Desktop\\hackas\\instituto-med-FEAT-Fluxograma\\node_modules\\unplugin-utils'
69 silly reify ]
70 silly reify mark retired [
70 silly reify   'C:\\Users\\Usuario\\Desktop\\hackas\\instituto-med-FEAT-Fluxograma\\node_modules\\update-browserslist-db'
70 silly reify ]
71 silly reify mark retired [
71 silly reify   'C:\\Users\\Usuario\\Desktop\\hackas\\instituto-med-FEAT-Fluxograma\\node_modules\\vite'
71 silly reify ]
72 silly reify mark retired [
72 silly reify   'C:\\Users\\Usuario\\Desktop\\hackas\\instituto-med-FEAT-Fluxograma\\node_modules\\vite-dev-rpc'
72 silly reify ]
73 silly reify mark retired [
73 silly reify   'C:\\Users\\Usuario\\Desktop\\hackas\\instituto-med-FEAT-Fluxograma\\node_modules\\vite-hot-client'
73 silly reify ]
74 silly reify mark retired [
74 silly reify   'C:\\Users\\Usuario\\Desktop\\hackas\\instituto-med-FEAT-Fluxograma\\node_modules\\vite-plugin-inspect'
74 silly reify ]
75 silly reify mark retired [
75 silly reify   'C:\\Users\\Usuario\\Desktop\\hackas\\instituto-med-FEAT-Fluxograma\\node_modules\\vite-plugin-vue-devtools'
75 silly reify ]
76 silly reify mark retired [
76 silly reify   'C:\\Users\\Usuario\\Desktop\\hackas\\instituto-med-FEAT-Fluxograma\\node_modules\\vite-plugin-vue-inspector'
76 silly reify ]
77 silly reify mark retired [
77 silly reify   'C:\\Users\\Usuario\\Desktop\\hackas\\instituto-med-FEAT-Fluxograma\\node_modules\\vue'
77 silly reify ]
78 silly reify mark retired [
78 silly reify   'C:\\Users\\Usuario\\Desktop\\hackas\\instituto-med-FEAT-Fluxograma\\node_modules\\vue-eslint-parser'
78 silly reify ]
79 silly reify mark retired [
79 silly reify   'C:\\Users\\Usuario\\Desktop\\hackas\\instituto-med-FEAT-Fluxograma\\node_modules\\vue-router'
79 silly reify ]
80 silly reify mark retired [
80 silly reify   'C:\\Users\\Usuario\\Desktop\\hackas\\instituto-med-FEAT-Fluxograma\\node_modules\\wsl-utils'
80 silly reify ]
81 silly reify mark retired [
81 silly reify   'C:\\Users\\Usuario\\Desktop\\hackas\\instituto-med-FEAT-Fluxograma\\node_modules\\yaml'
81 silly reify ]
82 silly reify mark retired [
82 silly reify   'C:\\Users\\Usuario\\Desktop\\hackas\\instituto-med-FEAT-Fluxograma\\node_modules\\@babel\\code-frame'
82 silly reify ]
83 silly reify mark retired [
83 silly reify   'C:\\Users\\Usuario\\Desktop\\hackas\\instituto-med-FEAT-Fluxograma\\node_modules\\@babel\\compat-data'
83 silly reify ]
84 silly reify mark retired [
84 silly reify   'C:\\Users\\Usuario\\Desktop\\hackas\\instituto-med-FEAT-Fluxograma\\node_modules\\@babel\\core'
84 silly reify ]
85 silly reify mark retired [
85 silly reify   'C:\\Users\\Usuario\\Desktop\\hackas\\instituto-med-FEAT-Fluxograma\\node_modules\\@babel\\generator'
85 silly reify ]
86 silly reify mark retired [
86 silly reify   'C:\\Users\\Usuario\\Desktop\\hackas\\instituto-med-FEAT-Fluxograma\\node_modules\\@babel\\helper-annotate-as-pure'
86 silly reify ]
87 silly reify mark retired [
87 silly reify   'C:\\Users\\Usuario\\Desktop\\hackas\\instituto-med-FEAT-Fluxograma\\node_modules\\@babel\\helper-compilation-targets'
87 silly reify ]
88 silly reify mark retired [
88 silly reify   'C:\\Users\\Usuario\\Desktop\\hackas\\instituto-med-FEAT-Fluxograma\\node_modules\\@babel\\helper-create-class-features-plugin'
88 silly reify ]
89 silly reify mark retired [
89 silly reify   'C:\\Users\\Usuario\\Desktop\\hackas\\instituto-med-FEAT-Fluxograma\\node_modules\\@babel\\helper-globals'
89 silly reify ]
90 silly reify mark retired [
90 silly reify   'C:\\Users\\Usuario\\Desktop\\hackas\\instituto-med-FEAT-Fluxograma\\node_modules\\@babel\\helper-member-expression-to-functions'
90 silly reify ]
91 silly reify mark retired [
91 silly reify   'C:\\Users\\Usuario\\Desktop\\hackas\\instituto-med-FEAT-Fluxograma\\node_modules\\@babel\\helper-module-imports'
91 silly reify ]
92 silly reify mark retired [
92 silly reify   'C:\\Users\\Usuario\\Desktop\\hackas\\instituto-med-FEAT-Fluxograma\\node_modules\\@babel\\helper-module-transforms'
92 silly reify ]
93 silly reify mark retired [
93 silly reify   'C:\\Users\\Usuario\\Desktop\\hackas\\instituto-med-FEAT-Fluxograma\\node_modules\\@babel\\helper-optimise-call-expression'
93 silly reify ]
94 silly reify mark retired [
94 silly reify   'C:\\Users\\Usuario\\Desktop\\hackas\\instituto-med-FEAT-Fluxograma\\node_modules\\@babel\\helper-plugin-utils'
94 silly reify ]
95 silly reify mark retired [
95 silly reify   'C:\\Users\\Usuario\\Desktop\\hackas\\instituto-med-FEAT-Fluxograma\\node_modules\\@babel\\helper-replace-supers'
95 silly reify ]
96 silly reify mark retired [
96 silly reify   'C:\\Users\\Usuario\\Desktop\\hackas\\instituto-med-FEAT-Fluxograma\\node_modules\\@babel\\helper-skip-transparent-expression-wrappers'
96 silly reify ]
97 silly reify mark retired [
97 silly reify   'C:\\Users\\Usuario\\Desktop\\hackas\\instituto-med-FEAT-Fluxograma\\node_modules\\@babel\\helper-validator-option'
97 silly reify ]
98 silly reify mark retired [
98 silly reify   'C:\\Users\\Usuario\\Desktop\\hackas\\instituto-med-FEAT-Fluxograma\\node_modules\\@babel\\helpers'
98 silly reify ]
99 silly reify mark retired [
99 silly reify   'C:\\Users\\Usuario\\Desktop\\hackas\\instituto-med-FEAT-Fluxograma\\node_modules\\@babel\\plugin-proposal-decorators'
99 silly reify ]
100 silly reify mark retired [
100 silly reify   'C:\\Users\\Usuario\\Desktop\\hackas\\instituto-med-FEAT-Fluxograma\\node_modules\\@babel\\plugin-syntax-decorators'
100 silly reify ]
101 silly reify mark retired [
101 silly reify   'C:\\Users\\Usuario\\Desktop\\hackas\\instituto-med-FEAT-Fluxograma\\node_modules\\@babel\\plugin-syntax-import-attributes'
101 silly reify ]
102 silly reify mark retired [
102 silly reify   'C:\\Users\\Usuario\\Desktop\\hackas\\instituto-med-FEAT-Fluxograma\\node_modules\\@babel\\plugin-syntax-jsx'
102 silly reify ]
103 silly reify mark retired [
103 silly reify   'C:\\Users\\Usuario\\Desktop\\hackas\\instituto-med-FEAT-Fluxograma\\node_modules\\@babel\\plugin-syntax-typescript'
103 silly reify ]
104 silly reify mark retired [
104 silly reify   'C:\\Users\\Usuario\\Desktop\\hackas\\instituto-med-FEAT-Fluxograma\\node_modules\\@babel\\plugin-transform-typescript'
104 silly reify ]
105 silly reify mark retired [
105 silly reify   'C:\\Users\\Usuario\\Desktop\\hackas\\instituto-med-FEAT-Fluxograma\\node_modules\\@babel\\template'
105 silly reify ]
106 silly reify mark retired [
106 silly reify   'C:\\Users\\Usuario\\Desktop\\hackas\\instituto-med-FEAT-Fluxograma\\node_modules\\@babel\\traverse'
106 silly reify ]
107 silly reify mark retired [
107 silly reify   'C:\\Users\\Usuario\\Desktop\\hackas\\instituto-med-FEAT-Fluxograma\\node_modules\\@eslint\\config-helpers'
107 silly reify ]
108 silly reify mark retired [
108 silly reify   'C:\\Users\\Usuario\\Desktop\\hackas\\instituto-med-FEAT-Fluxograma\\node_modules\\@eslint\\plugin-kit'
108 silly reify ]
109 silly reify mark retired [
109 silly reify   'C:\\Users\\Usuario\\Desktop\\hackas\\instituto-med-FEAT-Fluxograma\\node_modules\\@eslint-community\\eslint-utils'
109 silly reify ]
110 silly reify mark retired [
110 silly reify   'C:\\Users\\Usuario\\Desktop\\hackas\\instituto-med-FEAT-Fluxograma\\node_modules\\@oxc-project\\types'
110 silly reify ]
111 silly reify mark retired [
111 silly reify   'C:\\Users\\Usuario\\Desktop\\hackas\\instituto-med-FEAT-Fluxograma\\node_modules\\@oxlint\\binding-android-arm-eabi'
111 silly reify ]
112 silly reify mark retired [
112 silly reify   'C:\\Users\\Usuario\\Desktop\\hackas\\instituto-med-FEAT-Fluxograma\\node_modules\\@oxlint\\binding-android-arm64'
112 silly reify ]
113 silly reify mark retired [
113 silly reify   'C:\\Users\\Usuario\\Desktop\\hackas\\instituto-med-FEAT-Fluxograma\\node_modules\\@oxlint\\binding-darwin-arm64'
113 silly reify ]
114 silly reify mark retired [
114 silly reify   'C:\\Users\\Usuario\\Desktop\\hackas\\instituto-med-FEAT-Fluxograma\\node_modules\\@oxlint\\binding-darwin-x64'
114 silly reify ]
115 silly reify mark retired [
115 silly reify   'C:\\Users\\Usuario\\Desktop\\hackas\\instituto-med-FEAT-Fluxograma\\node_modules\\@oxlint\\binding-freebsd-x64'
115 silly reify ]
116 silly reify mark retired [
116 silly reify   'C:\\Users\\Usuario\\Desktop\\hackas\\instituto-med-FEAT-Fluxograma\\node_modules\\@oxlint\\binding-linux-arm-gnueabihf'
116 silly reify ]
117 silly reify mark retired [
117 silly reify   'C:\\Users\\Usuario\\Desktop\\hackas\\instituto-med-FEAT-Fluxograma\\node_modules\\@oxlint\\binding-linux-arm-musleabihf'
117 silly reify ]
118 silly reify mark retired [
118 silly reify   'C:\\Users\\Usuario\\Desktop\\hackas\\instituto-med-FEAT-Fluxograma\\node_modules\\@oxlint\\binding-linux-arm64-gnu'
118 silly reify ]
119 silly reify mark retired [
119 silly reify   'C:\\Users\\Usuario\\Desktop\\hackas\\instituto-med-FEAT-Fluxograma\\node_modules\\@oxlint\\binding-linux-arm64-musl'
119 silly reify ]
120 silly reify mark retired [
120 silly reify   'C:\\Users\\Usuario\\Desktop\\hackas\\instituto-med-FEAT-Fluxograma\\node_modules\\@oxlint\\binding-linux-ppc64-gnu'
120 silly reify ]
121 silly reify mark retired [
121 silly reify   'C:\\Users\\Usuario\\Desktop\\hackas\\instituto-med-FEAT-Fluxograma\\node_modules\\@oxlint\\binding-linux-riscv64-gnu'
121 silly reify ]
122 silly reify mark retired [
122 silly reify   'C:\\Users\\Usuario\\Desktop\\hackas\\instituto-med-FEAT-Fluxograma\\node_modules\\@oxlint\\binding-linux-riscv64-musl'
122 silly reify ]
123 silly reify mark retired [
123 silly reify   'C:\\Users\\Usuario\\Desktop\\hackas\\instituto-med-FEAT-Fluxograma\\node_modules\\@oxlint\\binding-linux-s390x-gnu'
123 silly reify ]
124 silly reify mark retired [
124 silly reify   'C:\\Users\\Usuario\\Desktop\\hackas\\instituto-med-FEAT-Fluxograma\\node_modules\\@oxlint\\binding-linux-x64-gnu'
124 silly reify ]
125 silly reify mark retired [
125 silly reify   'C:\\Users\\Usuario\\Desktop\\hackas\\instituto-med-FEAT-Fluxograma\\node_modules\\@oxlint\\binding-linux-x64-musl'
125 silly reify ]
126 silly reify mark retired [
126 silly reify   'C:\\Users\\Usuario\\Desktop\\hackas\\instituto-med-FEAT-Fluxograma\\node_modules\\@oxlint\\binding-openharmony-arm64'
126 silly reify ]
127 silly reify mark retired [
127 silly reify   'C:\\Users\\Usuario\\Desktop\\hackas\\instituto-med-FEAT-Fluxograma\\node_modules\\@oxlint\\binding-win32-arm64-msvc'
127 silly reify ]
128 silly reify mark retired [
128 silly reify   'C:\\Users\\Usuario\\Desktop\\hackas\\instituto-med-FEAT-Fluxograma\\node_modules\\@oxlint\\binding-win32-ia32-msvc'
128 silly reify ]
129 silly reify mark retired [
129 silly reify   'C:\\Users\\Usuario\\Desktop\\hackas\\instituto-med-FEAT-Fluxograma\\node_modules\\@oxlint\\binding-win32-x64-msvc'
129 silly reify ]
130 silly reify mark retired [
130 silly reify   'C:\\Users\\Usuario\\Desktop\\hackas\\instituto-med-FEAT-Fluxograma\\node_modules\\@popperjs\\core'
130 silly reify ]
131 silly reify mark retired [
131 silly reify   'C:\\Users\\Usuario\\Desktop\\hackas\\instituto-med-FEAT-Fluxograma\\node_modules\\@rolldown\\binding-android-arm64'
131 silly reify ]
132 silly reify mark retired [
132 silly reify   'C:\\Users\\Usuario\\Desktop\\hackas\\instituto-med-FEAT-Fluxograma\\node_modules\\@rolldown\\binding-darwin-arm64'
132 silly reify ]
133 silly reify mark retired [
133 silly reify   'C:\\Users\\Usuario\\Desktop\\hackas\\instituto-med-FEAT-Fluxograma\\node_modules\\@rolldown\\binding-darwin-x64'
133 silly reify ]
134 silly reify mark retired [
134 silly reify   'C:\\Users\\Usuario\\Desktop\\hackas\\instituto-med-FEAT-Fluxograma\\node_modules\\@rolldown\\binding-freebsd-x64'
134 silly reify ]
135 silly reify mark retired [
135 silly reify   'C:\\Users\\Usuario\\Desktop\\hackas\\instituto-med-FEAT-Fluxograma\\node_modules\\@rolldown\\binding-linux-arm-gnueabihf'
135 silly reify ]
136 silly reify mark retired [
136 silly reify   'C:\\Users\\Usuario\\Desktop\\hackas\\instituto-med-FEAT-Fluxograma\\node_modules\\@rolldown\\binding-linux-arm64-gnu'
136 silly reify ]
137 silly reify mark retired [
137 silly reify   'C:\\Users\\Usuario\\Desktop\\hackas\\instituto-med-FEAT-Fluxograma\\node_modules\\@rolldown\\binding-linux-arm64-musl'
137 silly reify ]
138 silly reify mark retired [
138 silly reify   'C:\\Users\\Usuario\\Desktop\\hackas\\instituto-med-FEAT-Fluxograma\\node_modules\\@rolldown\\binding-linux-ppc64-gnu'
138 silly reify ]
139 silly reify mark retired [
139 silly reify   'C:\\Users\\Usuario\\Desktop\\hackas\\instituto-med-FEAT-Fluxograma\\node_modules\\@rolldown\\binding-linux-s390x-gnu'
139 silly reify ]
140 silly reify mark retired [
140 silly reify   'C:\\Users\\Usuario\\Desktop\\hackas\\instituto-med-FEAT-Fluxograma\\node_modules\\@rolldown\\binding-linux-x64-gnu'
140 silly reify ]
141 silly reify mark retired [
141 silly reify   'C:\\Users\\Usuario\\Desktop\\hackas\\instituto-med-FEAT-Fluxograma\\node_modules\\@rolldown\\binding-linux-x64-musl'
141 silly reify ]
142 silly reify mark retired [
142 silly reify   'C:\\Users\\Usuario\\Desktop\\hackas\\instituto-med-FEAT-Fluxograma\\node_modules\\@rolldown\\binding-openharmony-arm64'
142 silly reify ]
143 silly reify mark retired [
143 silly reify   'C:\\Users\\Usuario\\Desktop\\hackas\\instituto-med-FEAT-Fluxograma\\node_modules\\@rolldown\\binding-win32-arm64-msvc'
143 silly reify ]
144 silly reify mark retired [
144 silly reify   'C:\\Users\\Usuario\\Desktop\\hackas\\instituto-med-FEAT-Fluxograma\\node_modules\\@rolldown\\binding-win32-x64-msvc'
144 silly reify ]
145 silly reify mark retired [
145 silly reify   'C:\\Users\\Usuario\\Desktop\\hackas\\instituto-med-FEAT-Fluxograma\\node_modules\\@types\\estree'
145 silly reify ]
146 silly reify mark retired [
146 silly reify   'C:\\Users\\Usuario\\Desktop\\hackas\\instituto-med-FEAT-Fluxograma\\node_modules\\@types\\jsesc'
146 silly reify ]
147 silly reify mark retired [
147 silly reify   'C:\\Users\\Usuario\\Desktop\\hackas\\instituto-med-FEAT-Fluxograma\\node_modules\\@vue\\compiler-core'
147 silly reify ]
148 silly reify mark retired [
148 silly reify   'C:\\Users\\Usuario\\Desktop\\hackas\\instituto-med-FEAT-Fluxograma\\node_modules\\@vue\\compiler-dom'
148 silly reify ]
149 silly reify mark retired [
149 silly reify   'C:\\Users\\Usuario\\Desktop\\hackas\\instituto-med-FEAT-Fluxograma\\node_modules\\@vue\\compiler-sfc'
149 silly reify ]
150 silly reify mark retired [
150 silly reify   'C:\\Users\\Usuario\\Desktop\\hackas\\instituto-med-FEAT-Fluxograma\\node_modules\\@vue\\compiler-ssr'
150 silly reify ]
151 silly reify mark retired [
151 silly reify   'C:\\Users\\Usuario\\Desktop\\hackas\\instituto-med-FEAT-Fluxograma\\node_modules\\@vue\\devtools-api'
151 silly reify ]
152 silly reify mark retired [
152 silly reify   'C:\\Users\\Usuario\\Desktop\\hackas\\instituto-med-FEAT-Fluxograma\\node_modules\\@vue\\devtools-core'
152 silly reify ]
153 silly reify mark retired [
153 silly reify   'C:\\Users\\Usuario\\Desktop\\hackas\\instituto-med-FEAT-Fluxograma\\node_modules\\@vue\\devtools-kit'
153 silly reify ]
154 silly reify mark retired [
154 silly reify   'C:\\Users\\Usuario\\Desktop\\hackas\\instituto-med-FEAT-Fluxograma\\node_modules\\@vue\\devtools-shared'
154 silly reify ]
155 silly reify mark retired [
155 silly reify   'C:\\Users\\Usuario\\Desktop\\hackas\\instituto-med-FEAT-Fluxograma\\node_modules\\@vue\\reactivity'
155 silly reify ]
156 silly reify mark retired [
156 silly reify   'C:\\Users\\Usuario\\Desktop\\hackas\\instituto-med-FEAT-Fluxograma\\node_modules\\@vue\\runtime-core'
156 silly reify ]
157 silly reify mark retired [
157 silly reify   'C:\\Users\\Usuario\\Desktop\\hackas\\instituto-med-FEAT-Fluxograma\\node_modules\\@vue\\runtime-dom'
157 silly reify ]
158 silly reify mark retired [
158 silly reify   'C:\\Users\\Usuario\\Desktop\\hackas\\instituto-med-FEAT-Fluxograma\\node_modules\\@vue\\server-renderer'
158 silly reify ]
159 silly reify mark retired [
159 silly reify   'C:\\Users\\Usuario\\Desktop\\hackas\\instituto-med-FEAT-Fluxograma\\node_modules\\@vue\\shared'
159 silly reify ]
160 silly reify mark retired [
160 silly reify   'C:\\Users\\Usuario\\Desktop\\hackas\\instituto-med-FEAT-Fluxograma\\node_modules\\@vue-macros\\common'
160 silly reify ]
161 silly reify mark retired [
161 silly reify   'C:\\Users\\Usuario\\Desktop\\hackas\\instituto-med-FEAT-Fluxograma\\node_modules\\cssesc',
161 silly reify   'C:\\Users\\Usuario\\Desktop\\hackas\\instituto-med-FEAT-Fluxograma\\node_modules\\.bin\\cssesc',
161 silly reify   'C:\\Users\\Usuario\\Desktop\\hackas\\instituto-med-FEAT-Fluxograma\\node_modules\\.bin\\cssesc.cmd',
161 silly reify   'C:\\Users\\Usuario\\Desktop\\hackas\\instituto-med-FEAT-Fluxograma\\node_modules\\.bin\\cssesc.ps1'
161 silly reify ]
162 silly reify mark retired [
162 silly reify   'C:\\Users\\Usuario\\Desktop\\hackas\\instituto-med-FEAT-Fluxograma\\node_modules\\eslint-config-prettier',
162 silly reify   'C:\\Users\\Usuario\\Desktop\\hackas\\instituto-med-FEAT-Fluxograma\\node_modules\\.bin\\eslint-config-prettier',
162 silly reify   'C:\\Users\\Usuario\\Desktop\\hackas\\instituto-med-FEAT-Fluxograma\\node_modules\\.bin\\eslint-config-prettier.cmd',
162 silly reify   'C:\\Users\\Usuario\\Desktop\\hackas\\instituto-med-FEAT-Fluxograma\\node_modules\\.bin\\eslint-config-prettier.ps1'
162 silly reify ]
163 silly reify mark retired [
163 silly reify   'C:\\Users\\Usuario\\Desktop\\hackas\\instituto-med-FEAT-Fluxograma\\node_modules\\is-docker',
163 silly reify   'C:\\Users\\Usuario\\Desktop\\hackas\\instituto-med-FEAT-Fluxograma\\node_modules\\.bin\\is-docker',
163 silly reify   'C:\\Users\\Usuario\\Desktop\\hackas\\instituto-med-FEAT-Fluxograma\\node_modules\\.bin\\is-docker.cmd',
163 silly reify   'C:\\Users\\Usuario\\Desktop\\hackas\\instituto-med-FEAT-Fluxograma\\node_modules\\.bin\\is-docker.ps1'
163 silly reify ]
164 silly reify mark retired [
164 silly reify   'C:\\Users\\Usuario\\Desktop\\hackas\\instituto-med-FEAT-Fluxograma\\node_modules\\is-inside-container',
164 silly reify   'C:\\Users\\Usuario\\Desktop\\hackas\\instituto-med-FEAT-Fluxograma\\node_modules\\.bin\\is-inside-container',
164 silly reify   'C:\\Users\\Usuario\\Desktop\\hackas\\instituto-med-FEAT-Fluxograma\\node_modules\\.bin\\is-inside-container.cmd',
164 silly reify   'C:\\Users\\Usuario\\Desktop\\hackas\\instituto-med-FEAT-Fluxograma\\node_modules\\.bin\\is-inside-container.ps1'
164 silly reify ]
165 silly reify mark retired [
165 silly reify   'C:\\Users\\Usuario\\Desktop\\hackas\\instituto-med-FEAT-Fluxograma\\node_modules\\jsesc',
165 silly reify   'C:\\Users\\Usuario\\Desktop\\hackas\\instituto-med-FEAT-Fluxograma\\node_modules\\.bin\\jsesc',
165 silly reify   'C:\\Users\\Usuario\\Desktop\\hackas\\instituto-med-FEAT-Fluxograma\\node_modules\\.bin\\jsesc.cmd',
165 silly reify   'C:\\Users\\Usuario\\Desktop\\hackas\\instituto-med-FEAT-Fluxograma\\node_modules\\.bin\\jsesc.ps1'
165 silly reify ]
166 silly reify mark retired [
166 silly reify   'C:\\Users\\Usuario\\Desktop\\hackas\\instituto-med-FEAT-Fluxograma\\node_modules\\json5',
166 silly reify   'C:\\Users\\Usuario\\Desktop\\hackas\\instituto-med-FEAT-Fluxograma\\node_modules\\.bin\\json5',
166 silly reify   'C:\\Users\\Usuario\\Desktop\\hackas\\instituto-med-FEAT-Fluxograma\\node_modules\\.bin\\json5.cmd',
166 silly reify   'C:\\Users\\Usuario\\Desktop\\hackas\\instituto-med-FEAT-Fluxograma\\node_modules\\.bin\\json5.ps1'
166 silly reify ]
167 silly reify mark retired [
167 silly reify   'C:\\Users\\Usuario\\Desktop\\hackas\\instituto-med-FEAT-Fluxograma\\node_modules\\nanoid',
167 silly reify   'C:\\Users\\Usuario\\Desktop\\hackas\\instituto-med-FEAT-Fluxograma\\node_modules\\.bin\\nanoid',
167 silly reify   'C:\\Users\\Usuario\\Desktop\\hackas\\instituto-med-FEAT-Fluxograma\\node_modules\\.bin\\nanoid.cmd',
167 silly reify   'C:\\Users\\Usuario\\Desktop\\hackas\\instituto-med-FEAT-Fluxograma\\node_modules\\.bin\\nanoid.ps1'
167 silly reify ]
168 silly reify mark retired [
168 silly reify   'C:\\Users\\Usuario\\Desktop\\hackas\\instituto-med-FEAT-Fluxograma\\node_modules\\which',
168 silly reify   'C:\\Users\\Usuario\\Desktop\\hackas\\instituto-med-FEAT-Fluxograma\\node_modules\\.bin\\node-which',
168 silly reify   'C:\\Users\\Usuario\\Desktop\\hackas\\instituto-med-FEAT-Fluxograma\\node_modules\\.bin\\node-which.cmd',
168 silly reify   'C:\\Users\\Usuario\\Desktop\\hackas\\instituto-med-FEAT-Fluxograma\\node_modules\\.bin\\node-which.ps1'
168 silly reify ]
169 silly reify mark retired [
169 silly reify   'C:\\Users\\Usuario\\Desktop\\hackas\\instituto-med-FEAT-Fluxograma\\node_modules\\@babel\\parser',
169 silly reify   'C:\\Users\\Usuario\\Desktop\\hackas\\instituto-med-FEAT-Fluxograma\\node_modules\\.bin\\parser',
169 silly reify   'C:\\Users\\Usuario\\Desktop\\hackas\\instituto-med-FEAT-Fluxograma\\node_modules\\.bin\\parser.cmd',
169 silly reify   'C:\\Users\\Usuario\\Desktop\\hackas\\instituto-med-FEAT-Fluxograma\\node_modules\\.bin\\parser.ps1'
169 silly reify ]
170 silly reify moves {
170 silly reify   'C:\\Users\\Usuario\\Desktop\\hackas\\instituto-med-FEAT-Fluxograma\\node_modules\\acorn': 'C:\\Users\\Usuario\\Desktop\\hackas\\instituto-med-FEAT-Fluxograma\\node_modules\\.acorn-umCAlIF8',
170 silly reify   'C:\\Users\\Usuario\\Desktop\\hackas\\instituto-med-FEAT-Fluxograma\\node_modules\\ansi-styles': 'C:\\Users\\Usuario\\Desktop\\hackas\\instituto-med-FEAT-Fluxograma\\node_modules\\.ansi-styles-Hy8jfEy7',
170 silly reify   'C:\\Users\\Usuario\\Desktop\\hackas\\instituto-med-FEAT-Fluxograma\\node_modules\\ansis': 'C:\\Users\\Usuario\\Desktop\\hackas\\instituto-med-FEAT-Fluxograma\\node_modules\\.ansis-Drziq4Lx',
170 silly reify   'C:\\Users\\Usuario\\Desktop\\hackas\\instituto-med-FEAT-Fluxograma\\node_modules\\ast-walker-scope': 'C:\\Users\\Usuario\\Desktop\\hackas\\instituto-med-FEAT-Fluxograma\\node_modules\\.ast-walker-scope-28aMkxwO',
170 silly reify   'C:\\Users\\Usuario\\Desktop\\hackas\\instituto-med-FEAT-Fluxograma\\node_modules\\baseline-browser-mapping': 'C:\\Users\\Usuario\\Desktop\\hackas\\instituto-med-FEAT-Fluxograma\\node_modules\\.baseline-browser-mapping-BO6k2YQf',
170 silly reify   'C:\\Users\\Usuario\\Desktop\\hackas\\instituto-med-FEAT-Fluxograma\\node_modules\\bootstrap': 'C:\\Users\\Usuario\\Desktop\\hackas\\instituto-med-FEAT-Fluxograma\\node_modules\\.bootstrap-KKvVyX9r',
170 silly reify   'C:\\Users\\Usuario\\Desktop\\hackas\\instituto-med-FEAT-Fluxograma\\node_modules\\brace-expansion': 'C:\\Users\\Usuario\\Desktop\\hackas\\instituto-med-FEAT-Fluxograma\\node_modules\\.brace-expansion-ATz093f5',
170 silly reify   'C:\\Users\\Usuario\\Desktop\\hackas\\instituto-med-FEAT-Fluxograma\\node_modules\\browserslist': 'C:\\Users\\Usuario\\Desktop\\hackas\\instituto-med-FEAT-Fluxograma\\node_modules\\.browserslist-ejTKVqlS',
170 silly reify   'C:\\Users\\Usuario\\Desktop\\hackas\\instituto-med-FEAT-Fluxograma\\node_modules\\caniuse-lite': 'C:\\Users\\Usuario\\Desktop\\hackas\\instituto-med-FEAT-Fluxograma\\node_modules\\.caniuse-lite-L5wlJaI9',
170 silly reify   'C:\\Users\\Usuario\\Desktop\\hackas\\instituto-med-FEAT-Fluxograma\\node_modules\\electron-to-chromium': 'C:\\Users\\Usuario\\Desktop\\hackas\\instituto-med-FEAT-Fluxograma\\node_modules\\.electron-to-chromium-claY1U7G',
170 silly reify   'C:\\Users\\Usuario\\Desktop\\hackas\\instituto-med-FEAT-Fluxograma\\node_modules\\eslint': 'C:\\Users\\Usuario\\Desktop\\hackas\\instituto-med-FEAT-Fluxograma\\node_modules\\.eslint-d245eikw',
170 silly reify   'C:\\Users\\Usuario\\Desktop\\hackas\\instituto-med-FEAT-Fluxograma\\node_modules\\eslint-plugin-oxlint': 'C:\\Users\\Usuario\\Desktop\\hackas\\instituto-med-FEAT-Fluxograma\\node_modules\\.eslint-plugin-oxlint-eXPqro6S',
170 silly reify   'C:\\Users\\Usuario\\Desktop\\hackas\\instituto-med-FEAT-Fluxograma\\node_modules\\eslint-plugin-vue': 'C:\\Users\\Usuario\\Desktop\\hackas\\instituto-med-FEAT-Fluxograma\\node_modules\\.eslint-plugin-vue-zQttzPCo',
170 silly reify   'C:\\Users\\Usuario\\Desktop\\hackas\\instituto-med-FEAT-Fluxograma\\node_modules\\exsolve': 'C:\\Users\\Usuario\\Desktop\\hackas\\instituto-med-FEAT-Fluxograma\\node_modules\\.exsolve-sU2HVwpO',
170 silly reify   'C:\\Users\\Usuario\\Desktop\\hackas\\instituto-med-FEAT-Fluxograma\\node_modules\\flatted': 'C:\\Users\\Usuario\\Desktop\\hackas\\instituto-med-FEAT-Fluxograma\\node_modules\\.flatted-gDaHVOFy',
170 silly reify   'C:\\Users\\Usuario\\Desktop\\hackas\\instituto-med-FEAT-Fluxograma\\node_modules\\fsevents': 'C:\\Users\\Usuario\\Desktop\\hackas\\instituto-med-FEAT-Fluxograma\\node_modules\\.fsevents-15hkF3OY',
170 silly reify   'C:\\Users\\Usuario\\Desktop\\hackas\\instituto-med-FEAT-Fluxograma\\node_modules\\globals': 'C:\\Users\\Usuario\\Desktop\\hackas\\instituto-med-FEAT-Fluxograma\\node_modules\\.globals-7dQ62fW4',
170 silly reify   'C:\\Users\\Usuario\\Desktop\\hackas\\instituto-med-FEAT-Fluxograma\\node_modules\\is-in-ssh': 'C:\\Users\\Usuario\\Desktop\\hackas\\instituto-med-FEAT-Fluxograma\\node_modules\\.is-in-ssh-q9woWhCD',
170 silly reify   'C:\\Users\\Usuario\\Desktop\\hackas\\instituto-med-FEAT-Fluxograma\\node_modules\\json-parse-even-better-errors': 'C:\\Users\\Usuario\\Desktop\\hackas\\instituto-med-FEAT-Fluxograma\\node_modules\\.json-parse-even-better-errors-PBhJWYnO',
170 silly reify   'C:\\Users\\Usuario\\Desktop\\hackas\\instituto-med-FEAT-Fluxograma\\node_modules\\lightningcss-android-arm64': 'C:\\Users\\Usuario\\Desktop\\hackas\\instituto-med-FEAT-Fluxograma\\node_modules\\.lightningcss-android-arm64-0EA17kGI',
170 silly reify   'C:\\Users\\Usuario\\Desktop\\hackas\\instituto-med-FEAT-Fluxograma\\node_modules\\lightningcss-darwin-arm64': 'C:\\Users\\Usuario\\Desktop\\hackas\\instituto-med-FEAT-Fluxograma\\node_modules\\.lightningcss-darwin-arm64-y8nMGQaP',
170 silly reify   'C:\\Users\\Usuario\\Desktop\\hackas\\instituto-med-FEAT-Fluxograma\\node_modules\\lightningcss-darwin-x64': 'C:\\Users\\Usuario\\Desktop\\hackas\\instituto-med-FEAT-Fluxograma\\node_modules\\.lightningcss-darwin-x64-HYva8fS6',
170 silly reify   'C:\\Users\\Usuario\\Desktop\\hackas\\instituto-med-FEAT-Fluxograma\\node_modules\\lightningcss-freebsd-x64': 'C:\\Users\\Usuario\\Desktop\\hackas\\instituto-med-FEAT-Fluxograma\\node_modules\\.lightningcss-freebsd-x64-PaznR59w',
170 silly reify   'C:\\Users\\Usuario\\Desktop\\hackas\\instituto-med-FEAT-Fluxograma\\node_modules\\lightningcss-linux-arm-gnueabihf': 'C:\\Users\\Usuario\\Desktop\\hackas\\instituto-med-FEAT-Fluxograma\\node_modules\\.lightningcss-linux-arm-gnueabihf-isUfRP79',
170 silly reify   'C:\\Users\\Usuario\\Desktop\\hackas\\instituto-med-FEAT-Fluxograma\\node_modules\\lightningcss-linux-arm64-gnu': 'C:\\Users\\Usuario\\Desktop\\hackas\\instituto-med-FEAT-Fluxograma\\node_modules\\.lightningcss-linux-arm64-gnu-ehxnIYlV',
170 silly reify   'C:\\Users\\Usuario\\Desktop\\hackas\\instituto-med-FEAT-Fluxograma\\node_modules\\lightningcss-linux-arm64-musl': 'C:\\Users\\Usuario\\Desktop\\hackas\\instituto-med-FEAT-Fluxograma\\node_modules\\.lightningcss-linux-arm64-musl-j8JnaEMz',
170 silly reify   'C:\\Users\\Usuario\\Desktop\\hackas\\instituto-med-FEAT-Fluxograma\\node_modules\\lightningcss-linux-x64-gnu': 'C:\\Users\\Usuario\\Desktop\\hackas\\instituto-med-FEAT-Fluxograma\\node_modules\\.lightningcss-linux-x64-gnu-efJ0KzTF',
170 silly reify   'C:\\Users\\Usuario\\Desktop\\hackas\\instituto-med-FEAT-Fluxograma\\node_modules\\lightningcss-linux-x64-musl': 'C:\\Users\\Usuario\\Desktop\\hackas\\instituto-med-FEAT-Fluxograma\\node_modules\\.lightningcss-linux-x64-musl-G1FBvl0E',
170 silly reify   'C:\\Users\\Usuario\\Desktop\\hackas\\instituto-med-FEAT-Fluxograma\\node_modules\\lightningcss-win32-arm64-msvc': 'C:\\Users\\Usuario\\Desktop\\hackas\\instituto-med-FEAT-Fluxograma\\node_modules\\.lightningcss-win32-arm64-msvc-U8rXUPSA',
170 silly reify   'C:\\Users\\Usuario\\Desktop\\hackas\\instituto-med-FEAT-Fluxograma\\node_modules\\local-pkg': 'C:\\Users\\Usuario\\Desktop\\hackas\\instituto-med-FEAT-Fluxograma\\node_modules\\.local-pkg-sIVv2jqW',
170 silly reify   'C:\\Users\\Usuario\\Desktop\\hackas\\instituto-med-FEAT-Fluxograma\\node_modules\\minimatch': 'C:\\Users\\Usuario\\Desktop\\hackas\\instituto-med-FEAT-Fluxograma\\node_modules\\.minimatch-DB0pjSZA',
170 silly reify   'C:\\Users\\Usuario\\Desktop\\hackas\\instituto-med-FEAT-Fluxograma\\node_modules\\node-releases': 'C:\\Users\\Usuario\\Desktop\\hackas\\instituto-med-FEAT-Fluxograma\\node_modules\\.node-releases-jplYzPxN',
170 silly reify   'C:\\Users\\Usuario\\Desktop\\hackas\\instituto-med-FEAT-Fluxograma\\node_modules\\nostics': 'C:\\Users\\Usuario\\Desktop\\hackas\\instituto-med-FEAT-Fluxograma\\node_modules\\.nostics-CF3jVQfd',
170 silly reify   'C:\\Users\\Usuario\\Desktop\\hackas\\instituto-med-FEAT-Fluxograma\\node_modules\\npm-normalize-package-bin': 'C:\\Users\\Usuario\\Desktop\\hackas\\instituto-med-FEAT-Fluxograma\\node_modules\\.npm-normalize-package-bin-VeXGyZtm',
170 silly reify   'C:\\Users\\Usuario\\Desktop\\hackas\\instituto-med-FEAT-Fluxograma\\node_modules\\npm-run-all2': 'C:\\Users\\Usuario\\Desktop\\hackas\\instituto-med-FEAT-Fluxograma\\node_modules\\.npm-run-all2-eVnZIo2L',
170 silly reify   'C:\\Users\\Usuario\\Desktop\\hackas\\instituto-med-FEAT-Fluxograma\\node_modules\\obug': 'C:\\Users\\Usuario\\Desktop\\hackas\\instituto-med-FEAT-Fluxograma\\node_modules\\.obug-ZIeQOdmN',
170 silly reify   'C:\\Users\\Usuario\\Desktop\\hackas\\instituto-med-FEAT-Fluxograma\\node_modules\\open': 'C:\\Users\\Usuario\\Desktop\\hackas\\instituto-med-FEAT-Fluxograma\\node_modules\\.open-MZhDUixv',
170 silly reify   'C:\\Users\\Usuario\\Desktop\\hackas\\instituto-med-FEAT-Fluxograma\\node_modules\\oxlint': 'C:\\Users\\Usuario\\Desktop\\hackas\\instituto-med-FEAT-Fluxograma\\node_modules\\.oxlint-ruYkdIY2',
170 silly reify   'C:\\Users\\Usuario\\Desktop\\hackas\\instituto-med-FEAT-Fluxograma\\node_modules\\picomatch': 'C:\\Users\\Usuario\\Desktop\\hackas\\instituto-med-FEAT-Fluxograma\\node_modules\\.picomatch-jQAxhISN',
170 silly reify   'C:\\Users\\Usuario\\Desktop\\hackas\\instituto-med-FEAT-Fluxograma\\node_modules\\pidtree': 'C:\\Users\\Usuario\\Desktop\\hackas\\instituto-med-FEAT-Fluxograma\\node_modules\\.pidtree-jwiRnzMP',
170 silly reify   'C:\\Users\\Usuario\\Desktop\\hackas\\instituto-med-FEAT-Fluxograma\\node_modules\\postcss-selector-parser': 'C:\\Users\\Usuario\\Desktop\\hackas\\instituto-med-FEAT-Fluxograma\\node_modules\\.postcss-selector-parser-4txTrdA2',
170 silly reify   'C:\\Users\\Usuario\\Desktop\\hackas\\instituto-med-FEAT-Fluxograma\\node_modules\\powershell-utils': 'C:\\Users\\Usuario\\Desktop\\hackas\\instituto-med-FEAT-Fluxograma\\node_modules\\.powershell-utils-FgkPAIlw',
170 silly reify   'C:\\Users\\Usuario\\Desktop\\hackas\\instituto-med-FEAT-Fluxograma\\node_modules\\prettier': 'C:\\Users\\Usuario\\Desktop\\hackas\\instituto-med-FEAT-Fluxograma\\node_modules\\.prettier-zu5V18kd',
170 silly reify   'C:\\Users\\Usuario\\Desktop\\hackas\\instituto-med-FEAT-Fluxograma\\node_modules\\read-package-json-fast': 'C:\\Users\\Usuario\\Desktop\\hackas\\instituto-med-FEAT-Fluxograma\\node_modules\\.read-package-json-fast-6H1Lner7',
170 silly reify   'C:\\Users\\Usuario\\Desktop\\hackas\\instituto-med-FEAT-Fluxograma\\node_modules\\readdirp': 'C:\\Users\\Usuario\\Desktop\\hackas\\instituto-med-FEAT-Fluxograma\\node_modules\\.readdirp-ooYbk02h',
170 silly reify   'C:\\Users\\Usuario\\Desktop\\hackas\\instituto-med-FEAT-Fluxograma\\node_modules\\rolldown': 'C:\\Users\\Usuario\\Desktop\\hackas\\instituto-med-FEAT-Fluxograma\\node_modules\\.rolldown-o2ZrmbxX',
170 silly reify   'C:\\Users\\Usuario\\Desktop\\hackas\\instituto-med-FEAT-Fluxograma\\node_modules\\semver': 'C:\\Users\\Usuario\\Desktop\\hackas\\instituto-med-FEAT-Fluxograma\\node_modules\\.semver-PO6FIU2v',
170 silly reify   'C:\\Users\\Usuario\\Desktop\\hackas\\instituto-med-FEAT-Fluxograma\\node_modules\\shell-quote': 'C:\\Users\\Usuario\\Desktop\\hackas\\instituto-med-FEAT-Fluxograma\\node_modules\\.shell-quote-dkFKce0w',
170 silly reify   'C:\\Users\\Usuario\\Desktop\\hackas\\instituto-med-FEAT-Fluxograma\\node_modules\\unplugin': 'C:\\Users\\Usuario\\Desktop\\hackas\\instituto-med-FEAT-Fluxograma\\node_modules\\.unplugin-FYYbsB1w',
170 silly reify   'C:\\Users\\Usuario\\Desktop\\hackas\\instituto-med-FEAT-Fluxograma\\node_modules\\unplugin-utils': 'C:\\Users\\Usuario\\Desktop\\hackas\\instituto-med-FEAT-Fluxograma\\node_modules\\.unplugin-utils-k7CbynMn',
170 silly reify   'C:\\Users\\Usuario\\Desktop\\hackas\\instituto-med-FEAT-Fluxograma\\node_modules\\update-browserslist-db': 'C:\\Users\\Usuario\\Desktop\\hackas\\instituto-med-FEAT-Fluxograma\\node_modules\\.update-browserslist-db-N5S3WYW2',
170 silly reify   'C:\\Users\\Usuario\\Desktop\\hackas\\instituto-med-FEAT-Fluxograma\\node_modules\\vite': 'C:\\Users\\Usuario\\Desktop\\hackas\\instituto-med-FEAT-Fluxograma\\node_modules\\.vite-WFzQtgsC',
170 silly reify   'C:\\Users\\Usuario\\Desktop\\hackas\\instituto-med-FEAT-Fluxograma\\node_modules\\vite-dev-rpc': 'C:\\Users\\Usuario\\Desktop\\hackas\\instituto-med-FEAT-Fluxograma\\node_modules\\.vite-dev-rpc-FDoMBNpq',
170 silly reify   'C:\\Users\\Usuario\\Desktop\\hackas\\instituto-med-FEAT-Fluxograma\\node_modules\\vite-hot-client': 'C:\\Users\\Usuario\\Desktop\\hackas\\instituto-med-FEAT-Fluxograma\\node_modules\\.vite-hot-client-OoCLOcD3',
170 silly reify   'C:\\Users\\Usuario\\Desktop\\hackas\\instituto-med-FEAT-Fluxograma\\node_modules\\vite-plugin-inspect': 'C:\\Users\\Usuario\\Desktop\\hackas\\instituto-med-FEAT-Fluxograma\\node_modules\\.vite-plugin-inspect-WMnWmvNf',
170 silly reify   'C:\\Users\\Usuario\\Desktop\\hackas\\instituto-med-FEAT-Fluxograma\\node_modules\\vite-plugin-vue-devtools': 'C:\\Users\\Usuario\\Desktop\\hackas\\instituto-med-FEAT-Fluxograma\\node_modules\\.vite-plugin-vue-devtools-PpOoUFT0',
170 silly reify   'C:\\Users\\Usuario\\Desktop\\hackas\\instituto-med-FEAT-Fluxograma\\node_modules\\vite-plugin-vue-inspector': 'C:\\Users\\Usuario\\Desktop\\hackas\\instituto-med-FEAT-Fluxograma\\node_modules\\.vite-plugin-vue-inspector-mDPHVxjJ',
170 silly reify   'C:\\Users\\Usuario\\Desktop\\hackas\\instituto-med-FEAT-Fluxograma\\node_modules\\vue': 'C:\\Users\\Usuario\\Desktop\\hackas\\instituto-med-FEAT-Fluxograma\\node_modules\\.vue-GWXTphZm',
170 silly reify   'C:\\Users\\Usuario\\Desktop\\hackas\\instituto-med-FEAT-Fluxograma\\node_modules\\vue-eslint-parser': 'C:\\Users\\Usuario\\Desktop\\hackas\\instituto-med-FEAT-Fluxograma\\node_modules\\.vue-eslint-parser-hYJnBtmO',
170 silly reify   'C:\\Users\\Usuario\\Desktop\\hackas\\instituto-med-FEAT-Fluxograma\\node_modules\\vue-router': 'C:\\Users\\Usuario\\Desktop\\hackas\\instituto-med-FEAT-Fluxograma\\node_modules\\.vue-router-cZoKCpaX',
170 silly reify   'C:\\Users\\Usuario\\Desktop\\hackas\\instituto-med-FEAT-Fluxograma\\node_modules\\wsl-utils': 'C:\\Users\\Usuario\\Desktop\\hackas\\instituto-med-FEAT-Fluxograma\\node_modules\\.wsl-utils-xCU2CRb0',
170 silly reify   'C:\\Users\\Usuario\\Desktop\\hackas\\instituto-med-FEAT-Fluxograma\\node_modules\\yaml': 'C:\\Users\\Usuario\\Desktop\\hackas\\instituto-med-FEAT-Fluxograma\\node_modules\\.yaml-LGuBui8D',
170 silly reify   'C:\\Users\\Usuario\\Desktop\\hackas\\instituto-med-FEAT-Fluxograma\\node_modules\\@babel\\code-frame': 'C:\\Users\\Usuario\\Desktop\\hackas\\instituto-med-FEAT-Fluxograma\\node_modules\\@babel\\.code-frame-jLqZanae',
170 silly reify   'C:\\Users\\Usuario\\Desktop\\hackas\\instituto-med-FEAT-Fluxograma\\node_modules\\@babel\\compat-data': 'C:\\Users\\Usuario\\Desktop\\hackas\\instituto-med-FEAT-Fluxograma\\node_modules\\@babel\\.compat-data-o96C1nYU',
170 silly reify   'C:\\Users\\Usuario\\Desktop\\hackas\\instituto-med-FEAT-Fluxograma\\node_modules\\@babel\\core': 'C:\\Users\\Usuario\\Desktop\\hackas\\instituto-med-FEAT-Fluxograma\\node_modules\\@babel\\.core-Sl5PH1qI',
170 silly reify   'C:\\Users\\Usuario\\Desktop\\hackas\\instituto-med-FEAT-Fluxograma\\node_modules\\@babel\\generator': 'C:\\Users\\Usuario\\Desktop\\hackas\\instituto-med-FEAT-Fluxograma\\node_modules\\@babel\\.generator-RneESCRB',
170 silly reify   'C:\\Users\\Usuario\\Desktop\\hackas\\instituto-med-FEAT-Fluxograma\\node_modules\\@babel\\helper-annotate-as-pure': 'C:\\Users\\Usuario\\Desktop\\hackas\\instituto-med-FEAT-Fluxograma\\node_modules\\@babel\\.helper-annotate-as-pure-hdLnmkyF',
170 silly reify   'C:\\Users\\Usuario\\Desktop\\hackas\\instituto-med-FEAT-Fluxograma\\node_modules\\@babel\\helper-compilation-targets': 'C:\\Users\\Usuario\\Desktop\\hackas\\instituto-med-FEAT-Fluxograma\\node_modules\\@babel\\.helper-compilation-targets-1lLzLD7T',
170 silly reify   'C:\\Users\\Usuario\\Desktop\\hackas\\instituto-med-FEAT-Fluxograma\\node_modules\\@babel\\helper-create-class-features-plugin': 'C:\\Users\\Usuario\\Desktop\\hackas\\instituto-med-FEAT-Fluxograma\\node_modules\\@babel\\.helper-create-class-features-plugin-pM8vl7U1',
170 silly reify   'C:\\Users\\Usuario\\Desktop\\hackas\\instituto-med-FEAT-Fluxograma\\node_modules\\@babel\\helper-globals': 'C:\\Users\\Usuario\\Desktop\\hackas\\instituto-med-FEAT-Fluxograma\\node_modules\\@babel\\.helper-globals-rERyPJbI',
170 silly reify   'C:\\Users\\Usuario\\Desktop\\hackas\\instituto-med-FEAT-Fluxograma\\node_modules\\@babel\\helper-member-expression-to-functions': 'C:\\Users\\Usuario\\Desktop\\hackas\\instituto-med-FEAT-Fluxograma\\node_modules\\@babel\\.helper-member-expression-to-functions-eEhZfHYE',
170 silly reify   'C:\\Users\\Usuario\\Desktop\\hackas\\instituto-med-FEAT-Fluxograma\\node_modules\\@babel\\helper-module-imports': 'C:\\Users\\Usuario\\Desktop\\hackas\\instituto-med-FEAT-Fluxograma\\node_modules\\@babel\\.helper-module-imports-xmt1BziP',
170 silly reify   'C:\\Users\\Usuario\\Desktop\\hackas\\instituto-med-FEAT-Fluxograma\\node_modules\\@babel\\helper-module-transforms': 'C:\\Users\\Usuario\\Desktop\\hackas\\instituto-med-FEAT-Fluxograma\\node_modules\\@babel\\.helper-module-transforms-BrH609ZA',
170 silly reify   'C:\\Users\\Usuario\\Desktop\\hackas\\instituto-med-FEAT-Fluxograma\\node_modules\\@babel\\helper-optimise-call-expression': 'C:\\Users\\Usuario\\Desktop\\hackas\\instituto-med-FEAT-Fluxograma\\node_modules\\@babel\\.helper-optimise-call-expression-BTl8Lxzk',
170 silly reify   'C:\\Users\\Usuario\\Desktop\\hackas\\instituto-med-FEAT-Fluxograma\\node_modules\\@babel\\helper-plugin-utils': 'C:\\Users\\Usuario\\Desktop\\hackas\\instituto-med-FEAT-Fluxograma\\node_modules\\@babel\\.helper-plugin-utils-XsvTBXsG',
170 silly reify   'C:\\Users\\Usuario\\Desktop\\hackas\\instituto-med-FEAT-Fluxograma\\node_modules\\@babel\\helper-replace-supers': 'C:\\Users\\Usuario\\Desktop\\hackas\\instituto-med-FEAT-Fluxograma\\node_modules\\@babel\\.helper-replace-supers-ABMD4J7S',
170 silly reify   'C:\\Users\\Usuario\\Desktop\\hackas\\instituto-med-FEAT-Fluxograma\\node_modules\\@babel\\helper-skip-transparent-expression-wrappers': 'C:\\Users\\Usuario\\Desktop\\hackas\\instituto-med-FEAT-Fluxograma\\node_modules\\@babel\\.helper-skip-transparent-expression-wrappers-kWyZg3EH',
170 silly reify   'C:\\Users\\Usuario\\Desktop\\hackas\\instituto-med-FEAT-Fluxograma\\node_modules\\@babel\\helper-validator-option': 'C:\\Users\\Usuario\\Desktop\\hackas\\instituto-med-FEAT-Fluxograma\\node_modules\\@babel\\.helper-validator-option-rVObk9gi',
170 silly reify   'C:\\Users\\Usuario\\Desktop\\hackas\\instituto-med-FEAT-Fluxograma\\node_modules\\@babel\\helpers': 'C:\\Users\\Usuario\\Desktop\\hackas\\instituto-med-FEAT-Fluxograma\\node_modules\\@babel\\.helpers-s0qude8d',
170 silly reify   'C:\\Users\\Usuario\\Desktop\\hackas\\instituto-med-FEAT-Fluxograma\\node_modules\\@babel\\plugin-proposal-decorators': 'C:\\Users\\Usuario\\Desktop\\hackas\\instituto-med-FEAT-Fluxograma\\node_modules\\@babel\\.plugin-proposal-decorators-kFA8DXun',
170 silly reify   'C:\\Users\\Usuario\\Desktop\\hackas\\instituto-med-FEAT-Fluxograma\\node_modules\\@babel\\plugin-syntax-decorators': 'C:\\Users\\Usuario\\Desktop\\hackas\\instituto-med-FEAT-Fluxograma\\node_modules\\@babel\\.plugin-syntax-decorators-sVVAXBKz',
170 silly reify   'C:\\Users\\Usuario\\Desktop\\hackas\\instituto-med-FEAT-Fluxograma\\node_modules\\@babel\\plugin-syntax-import-attributes': 'C:\\Users\\Usuario\\Desktop\\hackas\\instituto-med-FEAT-Fluxograma\\node_modules\\@babel\\.plugin-syntax-import-attributes-XNetDqgv',
170 silly reify   'C:\\Users\\Usuario\\Desktop\\hackas\\instituto-med-FEAT-Fluxograma\\node_modules\\@babel\\plugin-syntax-jsx': 'C:\\Users\\Usuario\\Desktop\\hackas\\instituto-med-FEAT-Fluxograma\\node_modules\\@babel\\.plugin-syntax-jsx-O3hwG0l9',
170 silly reify   'C:\\Users\\Usuario\\Desktop\\hackas\\instituto-med-FEAT-Fluxograma\\node_modules\\@babel\\plugin-syntax-typescript': 'C:\\Users\\Usuario\\Desktop\\hackas\\instituto-med-FEAT-Fluxograma\\node_modules\\@babel\\.plugin-syntax-typescript-9OLXgYOT',
170 silly reify   'C:\\Users\\Usuario\\Desktop\\hackas\\instituto-med-FEAT-Fluxograma\\node_modules\\@babel\\plugin-transform-typescript': 'C:\\Users\\Usuario\\Desktop\\hackas\\instituto-med-FEAT-Fluxograma\\node_modules\\@babel\\.plugin-transform-typescript-1DzvPO14',
170 silly reify   'C:\\Users\\Usuario\\Desktop\\hackas\\instituto-med-FEAT-Fluxograma\\node_modules\\@babel\\template': 'C:\\Users\\Usuario\\Desktop\\hackas\\instituto-med-FEAT-Fluxograma\\node_modules\\@babel\\.template-D1MstFeE',
170 silly reify   'C:\\Users\\Usuario\\Desktop\\hackas\\instituto-med-FEAT-Fluxograma\\node_modules\\@babel\\traverse': 'C:\\Users\\Usuario\\Desktop\\hackas\\instituto-med-FEAT-Fluxograma\\node_modules\\@babel\\.traverse-1vWkZFUT',
170 silly reify   'C:\\Users\\Usuario\\Desktop\\hackas\\instituto-med-FEAT-Fluxograma\\node_modules\\@eslint\\config-helpers': 'C:\\Users\\Usuario\\Desktop\\hackas\\instituto-med-FEAT-Fluxograma\\node_modules\\@eslint\\.config-helpers-ir8TtWoe',
170 silly reify   'C:\\Users\\Usuario\\Desktop\\hackas\\instituto-med-FEAT-Fluxograma\\node_modules\\@eslint\\plugin-kit': 'C:\\Users\\Usuario\\Desktop\\hackas\\instituto-med-FEAT-Fluxograma\\node_modules\\@eslint\\.plugin-kit-YzWPqMGw',
170 silly reify   'C:\\Users\\Usuario\\Desktop\\hackas\\instituto-med-FEAT-Fluxograma\\node_modules\\@eslint-community\\eslint-utils': 'C:\\Users\\Usuario\\Desktop\\hackas\\instituto-med-FEAT-Fluxograma\\node_modules\\@eslint-community\\.eslint-utils-3UKg0wBx',
170 silly reify   'C:\\Users\\Usuario\\Desktop\\hackas\\instituto-med-FEAT-Fluxograma\\node_modules\\@oxc-project\\types': 'C:\\Users\\Usuario\\Desktop\\hackas\\instituto-med-FEAT-Fluxograma\\node_modules\\@oxc-project\\.types-qUcsUuui',
170 silly reify   'C:\\Users\\Usuario\\Desktop\\hackas\\instituto-med-FEAT-Fluxograma\\node_modules\\@oxlint\\binding-android-arm-eabi': 'C:\\Users\\Usuario\\Desktop\\hackas\\instituto-med-FEAT-Fluxograma\\node_modules\\@oxlint\\.binding-android-arm-eabi-OpYPKysT',
170 silly reify   'C:\\Users\\Usuario\\Desktop\\hackas\\instituto-med-FEAT-Fluxograma\\node_modules\\@oxlint\\binding-android-arm64': 'C:\\Users\\Usuario\\Desktop\\hackas\\instituto-med-FEAT-Fluxograma\\node_modules\\@oxlint\\.binding-android-arm64-0mGSXQeS',
170 silly reify   'C:\\Users\\Usuario\\Desktop\\hackas\\instituto-med-FEAT-Fluxograma\\node_modules\\@oxlint\\binding-darwin-arm64': 'C:\\Users\\Usuario\\Desktop\\hackas\\instituto-med-FEAT-Fluxograma\\node_modules\\@oxlint\\.binding-darwin-arm64-QpMcy7eh',
170 silly reify   'C:\\Users\\Usuario\\Desktop\\hackas\\instituto-med-FEAT-Fluxograma\\node_modules\\@oxlint\\binding-darwin-x64': 'C:\\Users\\Usuario\\Desktop\\hackas\\instituto-med-FEAT-Fluxograma\\node_modules\\@oxlint\\.binding-darwin-x64-Nb0Tpjj7',
170 silly reify   'C:\\Users\\Usuario\\Desktop\\hackas\\instituto-med-FEAT-Fluxograma\\node_modules\\@oxlint\\binding-freebsd-x64': 'C:\\Users\\Usuario\\Desktop\\hackas\\instituto-med-FEAT-Fluxograma\\node_modules\\@oxlint\\.binding-freebsd-x64-xK5BDsQe',
170 silly reify   'C:\\Users\\Usuario\\Desktop\\hackas\\instituto-med-FEAT-Fluxograma\\node_modules\\@oxlint\\binding-linux-arm-gnueabihf': 'C:\\Users\\Usuario\\Desktop\\hackas\\instituto-med-FEAT-Fluxograma\\node_modules\\@oxlint\\.binding-linux-arm-gnueabihf-oEoiCbKT',
170 silly reify   'C:\\Users\\Usuario\\Desktop\\hackas\\instituto-med-FEAT-Fluxograma\\node_modules\\@oxlint\\binding-linux-arm-musleabihf': 'C:\\Users\\Usuario\\Desktop\\hackas\\instituto-med-FEAT-Fluxograma\\node_modules\\@oxlint\\.binding-linux-arm-musleabihf-HWulCta6',
170 silly reify   'C:\\Users\\Usuario\\Desktop\\hackas\\instituto-med-FEAT-Fluxograma\\node_modules\\@oxlint\\binding-linux-arm64-gnu': 'C:\\Users\\Usuario\\Desktop\\hackas\\instituto-med-FEAT-Fluxograma\\node_modules\\@oxlint\\.binding-linux-arm64-gnu-esnysLIy',
170 silly reify   'C:\\Users\\Usuario\\Desktop\\hackas\\instituto-med-FEAT-Fluxograma\\node_modules\\@oxlint\\binding-linux-arm64-musl': 'C:\\Users\\Usuario\\Desktop\\hackas\\instituto-med-FEAT-Fluxograma\\node_modules\\@oxlint\\.binding-linux-arm64-musl-DI84H4kf',
170 silly reify   'C:\\Users\\Usuario\\Desktop\\hackas\\instituto-med-FEAT-Fluxograma\\node_modules\\@oxlint\\binding-linux-ppc64-gnu': 'C:\\Users\\Usuario\\Desktop\\hackas\\instituto-med-FEAT-Fluxograma\\node_modules\\@oxlint\\.binding-linux-ppc64-gnu-wborCeQx',
170 silly reify   'C:\\Users\\Usuario\\Desktop\\hackas\\instituto-med-FEAT-Fluxograma\\node_modules\\@oxlint\\binding-linux-riscv64-gnu': 'C:\\Users\\Usuario\\Desktop\\hackas\\instituto-med-FEAT-Fluxograma\\node_modules\\@oxlint\\.binding-linux-riscv64-gnu-ZYloiTVr',
170 silly reify   'C:\\Users\\Usuario\\Desktop\\hackas\\instituto-med-FEAT-Fluxograma\\node_modules\\@oxlint\\binding-linux-riscv64-musl': 'C:\\Users\\Usuario\\Desktop\\hackas\\instituto-med-FEAT-Fluxograma\\node_modules\\@oxlint\\.binding-linux-riscv64-musl-d8Jqum8t',
170 silly reify   'C:\\Users\\Usuario\\Desktop\\hackas\\instituto-med-FEAT-Fluxograma\\node_modules\\@oxlint\\binding-linux-s390x-gnu': 'C:\\Users\\Usuario\\Desktop\\hackas\\instituto-med-FEAT-Fluxograma\\node_modules\\@oxlint\\.binding-linux-s390x-gnu-xCRetbA0',
170 silly reify   'C:\\Users\\Usuario\\Desktop\\hackas\\instituto-med-FEAT-Fluxograma\\node_modules\\@oxlint\\binding-linux-x64-gnu': 'C:\\Users\\Usuario\\Desktop\\hackas\\instituto-med-FEAT-Fluxograma\\node_modules\\@oxlint\\.binding-linux-x64-gnu-B9XmIjwN',
170 silly reify   'C:\\Users\\Usuario\\Desktop\\hackas\\instituto-med-FEAT-Fluxograma\\node_modules\\@oxlint\\binding-linux-x64-musl': 'C:\\Users\\Usuario\\Desktop\\hackas\\instituto-med-FEAT-Fluxograma\\node_modules\\@oxlint\\.binding-linux-x64-musl-MiBJdfWQ',
170 silly reify   'C:\\Users\\Usuario\\Desktop\\hackas\\instituto-med-FEAT-Fluxograma\\node_modules\\@oxlint\\binding-openharmony-arm64': 'C:\\Users\\Usuario\\Desktop\\hackas\\instituto-med-FEAT-Fluxograma\\node_modules\\@oxlint\\.binding-openharmony-arm64-SWpsW31v',
170 silly reify   'C:\\Users\\Usuario\\Desktop\\hackas\\instituto-med-FEAT-Fluxograma\\node_modules\\@oxlint\\binding-win32-arm64-msvc': 'C:\\Users\\Usuario\\Desktop\\hackas\\instituto-med-FEAT-Fluxograma\\node_modules\\@oxlint\\.binding-win32-arm64-msvc-dw2U1KYU',
170 silly reify   'C:\\Users\\Usuario\\Desktop\\hackas\\instituto-med-FEAT-Fluxograma\\node_modules\\@oxlint\\binding-win32-ia32-msvc': 'C:\\Users\\Usuario\\Desktop\\hackas\\instituto-med-FEAT-Fluxograma\\node_modules\\@oxlint\\.binding-win32-ia32-msvc-i21DiZ2u',
170 silly reify   'C:\\Users\\Usuario\\Desktop\\hackas\\instituto-med-FEAT-Fluxograma\\node_modules\\@oxlint\\binding-win32-x64-msvc': 'C:\\Users\\Usuario\\Desktop\\hackas\\instituto-med-FEAT-Fluxograma\\node_modules\\@oxlint\\.binding-win32-x64-msvc-VmZHaBek',
170 silly reify   'C:\\Users\\Usuario\\Desktop\\hackas\\instituto-med-FEAT-Fluxograma\\node_modules\\@popperjs\\core': 'C:\\Users\\Usuario\\Desktop\\hackas\\instituto-med-FEAT-Fluxograma\\node_modules\\@popperjs\\.core-T7N4pG2i',
170 silly reify   'C:\\Users\\Usuario\\Desktop\\hackas\\instituto-med-FEAT-Fluxograma\\node_modules\\@rolldown\\binding-android-arm64': 'C:\\Users\\Usuario\\Desktop\\hackas\\instituto-med-FEAT-Fluxograma\\node_modules\\@rolldown\\.binding-android-arm64-1ZFwNByM',
170 silly reify   'C:\\Users\\Usuario\\Desktop\\hackas\\instituto-med-FEAT-Fluxograma\\node_modules\\@rolldown\\binding-darwin-arm64': 'C:\\Users\\Usuario\\Desktop\\hackas\\instituto-med-FEAT-Fluxograma\\node_modules\\@rolldown\\.binding-darwin-arm64-1HQ30poX',
170 silly reify   'C:\\Users\\Usuario\\Desktop\\hackas\\instituto-med-FEAT-Fluxograma\\node_modules\\@rolldown\\binding-darwin-x64': 'C:\\Users\\Usuario\\Desktop\\hackas\\instituto-med-FEAT-Fluxograma\\node_modules\\@rolldown\\.binding-darwin-x64-4e8bCo1d',
170 silly reify   'C:\\Users\\Usuario\\Desktop\\hackas\\instituto-med-FEAT-Fluxograma\\node_modules\\@rolldown\\binding-freebsd-x64': 'C:\\Users\\Usuario\\Desktop\\hackas\\instituto-med-FEAT-Fluxograma\\node_modules\\@rolldown\\.binding-freebsd-x64-IzfYJCPj',
170 silly reify   'C:\\Users\\Usuario\\Desktop\\hackas\\instituto-med-FEAT-Fluxograma\\node_modules\\@rolldown\\binding-linux-arm-gnueabihf': 'C:\\Users\\Usuario\\Desktop\\hackas\\instituto-med-FEAT-Fluxograma\\node_modules\\@rolldown\\.binding-linux-arm-gnueabihf-qRyrG8Ll',
170 silly reify   'C:\\Users\\Usuario\\Desktop\\hackas\\instituto-med-FEAT-Fluxograma\\node_modules\\@rolldown\\binding-linux-arm64-gnu': 'C:\\Users\\Usuario\\Desktop\\hackas\\instituto-med-FEAT-Fluxograma\\node_modules\\@rolldown\\.binding-linux-arm64-gnu-CBe4BX2h',
170 silly reify   'C:\\Users\\Usuario\\Desktop\\hackas\\instituto-med-FEAT-Fluxograma\\node_modules\\@rolldown\\binding-linux-arm64-musl': 'C:\\Users\\Usuario\\Desktop\\hackas\\instituto-med-FEAT-Fluxograma\\node_modules\\@rolldown\\.binding-linux-arm64-musl-w8BsGS2U',
170 silly reify   'C:\\Users\\Usuario\\Desktop\\hackas\\instituto-med-FEAT-Fluxograma\\node_modules\\@rolldown\\binding-linux-ppc64-gnu': 'C:\\Users\\Usuario\\Desktop\\hackas\\instituto-med-FEAT-Fluxograma\\node_modules\\@rolldown\\.binding-linux-ppc64-gnu-ULjLTcsQ',
170 silly reify   'C:\\Users\\Usuario\\Desktop\\hackas\\instituto-med-FEAT-Fluxograma\\node_modules\\@rolldown\\binding-linux-s390x-gnu': 'C:\\Users\\Usuario\\Desktop\\hackas\\instituto-med-FEAT-Fluxograma\\node_modules\\@rolldown\\.binding-linux-s390x-gnu-PvwLhaiA',
170 silly reify   'C:\\Users\\Usuario\\Desktop\\hackas\\instituto-med-FEAT-Fluxograma\\node_modules\\@rolldown\\binding-linux-x64-gnu': 'C:\\Users\\Usuario\\Desktop\\hackas\\instituto-med-FEAT-Fluxograma\\node_modules\\@rolldown\\.binding-linux-x64-gnu-FqwPtgTv',
170 silly reify   'C:\\Users\\Usuario\\Desktop\\hackas\\instituto-med-FEAT-Fluxograma\\node_modules\\@rolldown\\binding-linux-x64-musl': 'C:\\Users\\Usuario\\Desktop\\hackas\\instituto-med-FEAT-Fluxograma\\node_modules\\@rolldown\\.binding-linux-x64-musl-1aRe8c48',
170 silly reify   'C:\\Users\\Usuario\\Desktop\\hackas\\instituto-med-FEAT-Fluxograma\\node_modules\\@rolldown\\binding-openharmony-arm64': 'C:\\Users\\Usuario\\Desktop\\hackas\\instituto-med-FEAT-Fluxograma\\node_modules\\@rolldown\\.binding-openharmony-arm64-FScLRFhh',
170 silly reify   'C:\\Users\\Usuario\\Desktop\\hackas\\instituto-med-FEAT-Fluxograma\\node_modules\\@rolldown\\binding-win32-arm64-msvc': 'C:\\Users\\Usuario\\Desktop\\hackas\\instituto-med-FEAT-Fluxograma\\node_modules\\@rolldown\\.binding-win32-arm64-msvc-gz7abVRd',
170 silly reify   'C:\\Users\\Usuario\\Desktop\\hackas\\instituto-med-FEAT-Fluxograma\\node_modules\\@rolldown\\binding-win32-x64-msvc': 'C:\\Users\\Usuario\\Desktop\\hackas\\instituto-med-FEAT-Fluxograma\\node_modules\\@rolldown\\.binding-win32-x64-msvc-APLava3m',
170 silly reify   'C:\\Users\\Usuario\\Desktop\\hackas\\instituto-med-FEAT-Fluxograma\\node_modules\\@types\\estree': 'C:\\Users\\Usuario\\Desktop\\hackas\\instituto-med-FEAT-Fluxograma\\node_modules\\@types\\.estree-Bf3l0zEj',
170 silly reify   'C:\\Users\\Usuario\\Desktop\\hackas\\instituto-med-FEAT-Fluxograma\\node_modules\\@types\\jsesc': 'C:\\Users\\Usuario\\Desktop\\hackas\\instituto-med-FEAT-Fluxograma\\node_modules\\@types\\.jsesc-NpUHrO9h',
170 silly reify   'C:\\Users\\Usuario\\Desktop\\hackas\\instituto-med-FEAT-Fluxograma\\node_modules\\@vue\\compiler-core': 'C:\\Users\\Usuario\\Desktop\\hackas\\instituto-med-FEAT-Fluxograma\\node_modules\\@vue\\.compiler-core-PPCukVPm',
170 silly reify   'C:\\Users\\Usuario\\Desktop\\hackas\\instituto-med-FEAT-Fluxograma\\node_modules\\@vue\\compiler-dom': 'C:\\Users\\Usuario\\Desktop\\hackas\\instituto-med-FEAT-Fluxograma\\node_modules\\@vue\\.compiler-dom-r5vhu8E7',
170 silly reify   'C:\\Users\\Usuario\\Desktop\\hackas\\instituto-med-FEAT-Fluxograma\\node_modules\\@vue\\compiler-sfc': 'C:\\Users\\Usuario\\Desktop\\hackas\\instituto-med-FEAT-Fluxograma\\node_modules\\@vue\\.compiler-sfc-TNsI8nOD',
170 silly reify   'C:\\Users\\Usuario\\Desktop\\hackas\\instituto-med-FEAT-Fluxograma\\node_modules\\@vue\\compiler-ssr': 'C:\\Users\\Usuario\\Desktop\\hackas\\instituto-med-FEAT-Fluxograma\\node_modules\\@vue\\.compiler-ssr-EQrRdPEG',
170 silly reify   'C:\\Users\\Usuario\\Desktop\\hackas\\instituto-med-FEAT-Fluxograma\\node_modules\\@vue\\devtools-api': 'C:\\Users\\Usuario\\Desktop\\hackas\\instituto-med-FEAT-Fluxograma\\node_modules\\@vue\\.devtools-api-PxX7YOCE',
170 silly reify   'C:\\Users\\Usuario\\Desktop\\hackas\\instituto-med-FEAT-Fluxograma\\node_modules\\@vue\\devtools-core': 'C:\\Users\\Usuario\\Desktop\\hackas\\instituto-med-FEAT-Fluxograma\\node_modules\\@vue\\.devtools-core-W6bBopd7',
170 silly reify   'C:\\Users\\Usuario\\Desktop\\hackas\\instituto-med-FEAT-Fluxograma\\node_modules\\@vue\\devtools-kit': 'C:\\Users\\Usuario\\Desktop\\hackas\\instituto-med-FEAT-Fluxograma\\node_modules\\@vue\\.devtools-kit-RdCs0NEy',
170 silly reify   'C:\\Users\\Usuario\\Desktop\\hackas\\instituto-med-FEAT-Fluxograma\\node_modules\\@vue\\devtools-shared': 'C:\\Users\\Usuario\\Desktop\\hackas\\instituto-med-FEAT-Fluxograma\\node_modules\\@vue\\.devtools-shared-WPCWBUlY',
170 silly reify   'C:\\Users\\Usuario\\Desktop\\hackas\\instituto-med-FEAT-Fluxograma\\node_modules\\@vue\\reactivity': 'C:\\Users\\Usuario\\Desktop\\hackas\\instituto-med-FEAT-Fluxograma\\node_modules\\@vue\\.reactivity-VRApEATq',
170 silly reify   'C:\\Users\\Usuario\\Desktop\\hackas\\instituto-med-FEAT-Fluxograma\\node_modules\\@vue\\runtime-core': 'C:\\Users\\Usuario\\Desktop\\hackas\\instituto-med-FEAT-Fluxograma\\node_modules\\@vue\\.runtime-core-31OB9q2G',
170 silly reify   'C:\\Users\\Usuario\\Desktop\\hackas\\instituto-med-FEAT-Fluxograma\\node_modules\\@vue\\runtime-dom': 'C:\\Users\\Usuario\\Desktop\\hackas\\instituto-med-FEAT-Fluxograma\\node_modules\\@vue\\.runtime-dom-htXW76GE',
170 silly reify   'C:\\Users\\Usuario\\Desktop\\hackas\\instituto-med-FEAT-Fluxograma\\node_modules\\@vue\\server-renderer': 'C:\\Users\\Usuario\\Desktop\\hackas\\instituto-med-FEAT-Fluxograma\\node_modules\\@vue\\.server-renderer-wG43J3aH',
170 silly reify   'C:\\Users\\Usuario\\Desktop\\hackas\\instituto-med-FEAT-Fluxograma\\node_modules\\@vue\\shared': 'C:\\Users\\Usuario\\Desktop\\hackas\\instituto-med-FEAT-Fluxograma\\node_modules\\@vue\\.shared-mmyjLUiu',
170 silly reify   'C:\\Users\\Usuario\\Desktop\\hackas\\instituto-med-FEAT-Fluxograma\\node_modules\\@vue-macros\\common': 'C:\\Users\\Usuario\\Desktop\\hackas\\instituto-med-FEAT-Fluxograma\\node_modules\\@vue-macros\\.common-Aaul3h53',
170 silly reify   'C:\\Users\\Usuario\\Desktop\\hackas\\instituto-med-FEAT-Fluxograma\\node_modules\\cssesc': 'C:\\Users\\Usuario\\Desktop\\hackas\\instituto-med-FEAT-Fluxograma\\node_modules\\.cssesc-7YP063v3',
170 silly reify   'C:\\Users\\Usuario\\Desktop\\hackas\\instituto-med-FEAT-Fluxograma\\node_modules\\.bin\\cssesc': 'C:\\Users\\Usuario\\Desktop\\hackas\\instituto-med-FEAT-Fluxograma\\node_modules\\.bin\\.cssesc-Z6sXBKID',
170 silly reify   'C:\\Users\\Usuario\\Desktop\\hackas\\instituto-med-FEAT-Fluxograma\\node_modules\\.bin\\cssesc.cmd': 'C:\\Users\\Usuario\\Desktop\\hackas\\instituto-med-FEAT-Fluxograma\\node_modules\\.bin\\.cssesc.cmd-tj3kllra',
170 silly reify   'C:\\Users\\Usuario\\Desktop\\hackas\\instituto-med-FEAT-Fluxograma\\node_modules\\.bin\\cssesc.ps1': 'C:\\Users\\Usuario\\Desktop\\hackas\\instituto-med-FEAT-Fluxograma\\node_modules\\.bin\\.cssesc.ps1-gW94S7nM',
170 silly reify   'C:\\Users\\Usuario\\Desktop\\hackas\\instituto-med-FEAT-Fluxograma\\node_modules\\eslint-config-prettier': 'C:\\Users\\Usuario\\Desktop\\hackas\\instituto-med-FEAT-Fluxograma\\node_modules\\.eslint-config-prettier-tmBapInO',
170 silly reify   'C:\\Users\\Usuario\\Desktop\\hackas\\instituto-med-FEAT-Fluxograma\\node_modules\\.bin\\eslint-config-prettier': 'C:\\Users\\Usuario\\Desktop\\hackas\\instituto-med-FEAT-Fluxograma\\node_modules\\.bin\\.eslint-config-prettier-I2EimQd4',
170 silly reify   'C:\\Users\\Usuario\\Desktop\\hackas\\instituto-med-FEAT-Fluxograma\\node_modules\\.bin\\eslint-config-prettier.cmd': 'C:\\Users\\Usuario\\Desktop\\hackas\\instituto-med-FEAT-Fluxograma\\node_modules\\.bin\\.eslint-config-prettier.cmd-ew1gEWKR',
170 silly reify   'C:\\Users\\Usuario\\Desktop\\hackas\\instituto-med-FEAT-Fluxograma\\node_modules\\.bin\\eslint-config-prettier.ps1': 'C:\\Users\\Usuario\\Desktop\\hackas\\instituto-med-FEAT-Fluxograma\\node_modules\\.bin\\.eslint-config-prettier.ps1-7znQByic',
170 silly reify   'C:\\Users\\Usuario\\Desktop\\hackas\\instituto-med-FEAT-Fluxograma\\node_modules\\is-docker': 'C:\\Users\\Usuario\\Desktop\\hackas\\instituto-med-FEAT-Fluxograma\\node_modules\\.is-docker-nt2dlzXK',
170 silly reify   'C:\\Users\\Usuario\\Desktop\\hackas\\instituto-med-FEAT-Fluxograma\\node_modules\\.bin\\is-docker': 'C:\\Users\\Usuario\\Desktop\\hackas\\instituto-med-FEAT-Fluxograma\\node_modules\\.bin\\.is-docker-Rtcdq53x',
170 silly reify   'C:\\Users\\Usuario\\Desktop\\hackas\\instituto-med-FEAT-Fluxograma\\node_modules\\.bin\\is-docker.cmd': 'C:\\Users\\Usuario\\Desktop\\hackas\\instituto-med-FEAT-Fluxograma\\node_modules\\.bin\\.is-docker.cmd-VNMIako7',
170 silly reify   'C:\\Users\\Usuario\\Desktop\\hackas\\instituto-med-FEAT-Fluxograma\\node_modules\\.bin\\is-docker.ps1': 'C:\\Users\\Usuario\\Desktop\\hackas\\instituto-med-FEAT-Fluxograma\\node_modules\\.bin\\.is-docker.ps1-L4wO6ULr',
170 silly reify   'C:\\Users\\Usuario\\Desktop\\hackas\\instituto-med-FEAT-Fluxograma\\node_modules\\is-inside-container': 'C:\\Users\\Usuario\\Desktop\\hackas\\instituto-med-FEAT-Fluxograma\\node_modules\\.is-inside-container-HLTXG2x9',
170 silly reify   'C:\\Users\\Usuario\\Desktop\\hackas\\instituto-med-FEAT-Fluxograma\\node_modules\\.bin\\is-inside-container': 'C:\\Users\\Usuario\\Desktop\\hackas\\instituto-med-FEAT-Fluxograma\\node_modules\\.bin\\.is-inside-container-CRWL1SlA',
170 silly reify   'C:\\Users\\Usuario\\Desktop\\hackas\\instituto-med-FEAT-Fluxograma\\node_modules\\.bin\\is-inside-container.cmd': 'C:\\Users\\Usuario\\Desktop\\hackas\\instituto-med-FEAT-Fluxograma\\node_modules\\.bin\\.is-inside-container.cmd-ZuWFNrwh',
170 silly reify   'C:\\Users\\Usuario\\Desktop\\hackas\\instituto-med-FEAT-Fluxograma\\node_modules\\.bin\\is-inside-container.ps1': 'C:\\Users\\Usuario\\Desktop\\hackas\\instituto-med-FEAT-Fluxograma\\node_modules\\.bin\\.is-inside-container.ps1-Vz5Cd9fJ',
170 silly reify   'C:\\Users\\Usuario\\Desktop\\hackas\\instituto-med-FEAT-Fluxograma\\node_modules\\jsesc': 'C:\\Users\\Usuario\\Desktop\\hackas\\instituto-med-FEAT-Fluxograma\\node_modules\\.jsesc-74i0uWFj',
170 silly reify   'C:\\Users\\Usuario\\Desktop\\hackas\\instituto-med-FEAT-Fluxograma\\node_modules\\.bin\\jsesc': 'C:\\Users\\Usuario\\Desktop\\hackas\\instituto-med-FEAT-Fluxograma\\node_modules\\.bin\\.jsesc-RNjKvqCN',
170 silly reify   'C:\\Users\\Usuario\\Desktop\\hackas\\instituto-med-FEAT-Fluxograma\\node_modules\\.bin\\jsesc.cmd': 'C:\\Users\\Usuario\\Desktop\\hackas\\instituto-med-FEAT-Fluxograma\\node_modules\\.bin\\.jsesc.cmd-DyV5ejq2',
170 silly reify   'C:\\Users\\Usuario\\Desktop\\hackas\\instituto-med-FEAT-Fluxograma\\node_modules\\.bin\\jsesc.ps1': 'C:\\Users\\Usuario\\Desktop\\hackas\\instituto-med-FEAT-Fluxograma\\node_modules\\.bin\\.jsesc.ps1-9loFZn2v',
170 silly reify   'C:\\Users\\Usuario\\Desktop\\hackas\\instituto-med-FEAT-Fluxograma\\node_modules\\json5': 'C:\\Users\\Usuario\\Desktop\\hackas\\instituto-med-FEAT-Fluxograma\\node_modules\\.json5-c4ShHgjO',
170 silly reify   'C:\\Users\\Usuario\\Desktop\\hackas\\instituto-med-FEAT-Fluxograma\\node_modules\\.bin\\json5': 'C:\\Users\\Usuario\\Desktop\\hackas\\instituto-med-FEAT-Fluxograma\\node_modules\\.bin\\.json5-hD2HFK4U',
170 silly reify   'C:\\Users\\Usuario\\Desktop\\hackas\\instituto-med-FEAT-Fluxograma\\node_modules\\.bin\\json5.cmd': 'C:\\Users\\Usuario\\Desktop\\hackas\\instituto-med-FEAT-Fluxograma\\node_modules\\.bin\\.json5.cmd-61HKEyw0',
170 silly reify   'C:\\Users\\Usuario\\Desktop\\hackas\\instituto-med-FEAT-Fluxograma\\node_modules\\.bin\\json5.ps1': 'C:\\Users\\Usuario\\Desktop\\hackas\\instituto-med-FEAT-Fluxograma\\node_modules\\.bin\\.json5.ps1-0JzyknEE',
170 silly reify   'C:\\Users\\Usuario\\Desktop\\hackas\\instituto-med-FEAT-Fluxograma\\node_modules\\nanoid': 'C:\\Users\\Usuario\\Desktop\\hackas\\instituto-med-FEAT-Fluxograma\\node_modules\\.nanoid-TTTTM6EO',
170 silly reify   'C:\\Users\\Usuario\\Desktop\\hackas\\instituto-med-FEAT-Fluxograma\\node_modules\\.bin\\nanoid': 'C:\\Users\\Usuario\\Desktop\\hackas\\instituto-med-FEAT-Fluxograma\\node_modules\\.bin\\.nanoid-qPoB3Qhd',
170 silly reify   'C:\\Users\\Usuario\\Desktop\\hackas\\instituto-med-FEAT-Fluxograma\\node_modules\\.bin\\nanoid.cmd': 'C:\\Users\\Usuario\\Desktop\\hackas\\instituto-med-FEAT-Fluxograma\\node_modules\\.bin\\.nanoid.cmd-gkm5KeJ9',
170 silly reify   'C:\\Users\\Usuario\\Desktop\\hackas\\instituto-med-FEAT-Fluxograma\\node_modules\\.bin\\nanoid.ps1': 'C:\\Users\\Usuario\\Desktop\\hackas\\instituto-med-FEAT-Fluxograma\\node_modules\\.bin\\.nanoid.ps1-fgCHF4vh',
170 silly reify   'C:\\Users\\Usuario\\Desktop\\hackas\\instituto-med-FEAT-Fluxograma\\node_modules\\which': 'C:\\Users\\Usuario\\Desktop\\hackas\\instituto-med-FEAT-Fluxograma\\node_modules\\.which-HT5Vi8Qc',
170 silly reify   'C:\\Users\\Usuario\\Desktop\\hackas\\instituto-med-FEAT-Fluxograma\\node_modules\\.bin\\node-which': 'C:\\Users\\Usuario\\Desktop\\hackas\\instituto-med-FEAT-Fluxograma\\node_modules\\.bin\\.node-which-UCSDSZNp',
170 silly reify   'C:\\Users\\Usuario\\Desktop\\hackas\\instituto-med-FEAT-Fluxograma\\node_modules\\.bin\\node-which.cmd': 'C:\\Users\\Usuario\\Desktop\\hackas\\instituto-med-FEAT-Fluxograma\\node_modules\\.bin\\.node-which.cmd-Y0hWU2kX',
170 silly reify   'C:\\Users\\Usuario\\Desktop\\hackas\\instituto-med-FEAT-Fluxograma\\node_modules\\.bin\\node-which.ps1': 'C:\\Users\\Usuario\\Desktop\\hackas\\instituto-med-FEAT-Fluxograma\\node_modules\\.bin\\.node-which.ps1-bfnrnr7A',
170 silly reify   'C:\\Users\\Usuario\\Desktop\\hackas\\instituto-med-FEAT-Fluxograma\\node_modules\\@babel\\parser': 'C:\\Users\\Usuario\\Desktop\\hackas\\instituto-med-FEAT-Fluxograma\\node_modules\\@babel\\.parser-K8wls2bl',
170 silly reify   'C:\\Users\\Usuario\\Desktop\\hackas\\instituto-med-FEAT-Fluxograma\\node_modules\\.bin\\parser': 'C:\\Users\\Usuario\\Desktop\\hackas\\instituto-med-FEAT-Fluxograma\\node_modules\\.bin\\.parser-ZDAQtNSq',
170 silly reify   'C:\\Users\\Usuario\\Desktop\\hackas\\instituto-med-FEAT-Fluxograma\\node_modules\\.bin\\parser.cmd': 'C:\\Users\\Usuario\\Desktop\\hackas\\instituto-med-FEAT-Fluxograma\\node_modules\\.bin\\.parser.cmd-Xie1X69x',
170 silly reify   'C:\\Users\\Usuario\\Desktop\\hackas\\instituto-med-FEAT-Fluxograma\\node_modules\\.bin\\parser.ps1': 'C:\\Users\\Usuario\\Desktop\\hackas\\instituto-med-FEAT-Fluxograma\\node_modules\\.bin\\.parser.ps1-s6Q4cDGv'
170 silly reify }
171 silly audit bulk request {
171 silly audit   '@babel/code-frame': [ '7.29.7' ],
171 silly audit   '@babel/compat-data': [ '7.29.7' ],
171 silly audit   '@babel/core': [ '7.29.7' ],
171 silly audit   semver: [ '6.3.1', '7.8.5' ],
171 silly audit   '@babel/generator': [ '7.29.8', '8.0.0' ],
171 silly audit   '@babel/helper-annotate-as-pure': [ '7.29.7' ],
171 silly audit   '@babel/helper-compilation-targets': [ '7.29.7' ],
171 silly audit   '@babel/helper-create-class-features-plugin': [ '7.29.7' ],
171 silly audit   '@babel/helper-globals': [ '7.29.7' ],
171 silly audit   '@babel/helper-member-expression-to-functions': [ '7.29.7' ],
171 silly audit   '@babel/helper-module-imports': [ '7.29.7' ],
171 silly audit   '@babel/helper-module-transforms': [ '7.29.7' ],
171 silly audit   '@babel/helper-optimise-call-expression': [ '7.29.7' ],
171 silly audit   '@babel/helper-plugin-utils': [ '7.29.7' ],
171 silly audit   '@babel/helper-replace-supers': [ '7.29.7' ],
171 silly audit   '@babel/helper-skip-transparent-expression-wrappers': [ '7.29.7' ],
171 silly audit   '@babel/helper-string-parser': [ '7.29.7', '8.0.0' ],
171 silly audit   '@babel/helper-validator-identifier': [ '7.29.7', '8.0.4' ],
171 silly audit   '@babel/helper-validator-option': [ '7.29.7' ],
171 silly audit   '@babel/helpers': [ '7.29.7' ],
171 silly audit   '@babel/parser': [ '7.29.8', '8.0.4' ],
171 silly audit   '@babel/plugin-proposal-decorators': [ '7.29.7' ],
171 silly audit   '@babel/plugin-syntax-decorators': [ '7.29.7' ],
171 silly audit   '@babel/plugin-syntax-import-attributes': [ '7.29.7' ],
171 silly audit   '@babel/plugin-syntax-import-meta': [ '7.10.4' ],
171 silly audit   '@babel/plugin-syntax-jsx': [ '7.29.7' ],
171 silly audit   '@babel/plugin-syntax-typescript': [ '7.29.7' ],
171 silly audit   '@babel/plugin-transform-typescript': [ '7.29.7' ],
171 silly audit   '@babel/template': [ '7.29.7' ],
171 silly audit   '@babel/traverse': [ '7.29.8' ],
171 silly audit   '@babel/types': [ '7.29.8', '8.0.4' ],
171 silly audit   '@eslint-community/eslint-utils': [ '4.10.1' ],
171 silly audit   'eslint-visitor-keys': [ '3.4.3', '5.0.1' ],
171 silly audit   '@eslint-community/regexpp': [ '4.12.2' ],
171 silly audit   '@eslint/config-array': [ '0.23.5' ],
171 silly audit   '@eslint/config-helpers': [ '0.7.0' ],
171 silly audit   '@eslint/core': [ '1.2.1' ],
171 silly audit   '@eslint/js': [ '10.0.1' ],
171 silly audit   '@eslint/object-schema': [ '3.0.5' ],
171 silly audit   '@eslint/plugin-kit': [ '0.7.2' ],
171 silly audit   '@humanfs/core': [ '0.19.2' ],
171 silly audit   '@humanfs/node': [ '0.16.8' ],
171 silly audit   '@humanfs/types': [ '0.15.0' ],
171 silly audit   '@humanwhocodes/module-importer': [ '1.0.1' ],
171 silly audit   '@humanwhocodes/retry': [ '0.4.3' ],
171 silly audit   '@jridgewell/gen-mapping': [ '0.3.13' ],
171 silly audit   '@jridgewell/remapping': [ '2.3.5' ],
171 silly audit   '@jridgewell/resolve-uri': [ '3.1.2' ],
171 silly audit   '@jridgewell/sourcemap-codec': [ '1.5.5' ],
171 silly audit   '@jridgewell/trace-mapping': [ '0.3.31' ],
171 silly audit   '@oxc-project/types': [ '0.143.0' ],
171 silly audit   '@oxlint/binding-android-arm-eabi': [ '1.73.0' ],
171 silly audit   '@oxlint/binding-android-arm64': [ '1.73.0' ],
171 silly audit   '@oxlint/binding-darwin-arm64': [ '1.73.0' ],
171 silly audit   '@oxlint/binding-darwin-x64': [ '1.73.0' ],
171 silly audit   '@oxlint/binding-freebsd-x64': [ '1.73.0' ],
171 silly audit   '@oxlint/binding-linux-arm-gnueabihf': [ '1.73.0' ],
171 silly audit   '@oxlint/binding-linux-arm-musleabihf': [ '1.73.0' ],
171 silly audit   '@oxlint/binding-linux-arm64-gnu': [ '1.73.0' ],
171 silly audit   '@oxlint/binding-linux-arm64-musl': [ '1.73.0' ],
171 silly audit   '@oxlint/binding-linux-ppc64-gnu': [ '1.73.0' ],
171 silly audit   '@oxlint/binding-linux-riscv64-gnu': [ '1.73.0' ],
171 silly audit   '@oxlint/binding-linux-riscv64-musl': [ '1.73.0' ],
171 silly audit   '@oxlint/binding-linux-s390x-gnu': [ '1.73.0' ],
171 silly audit   '@oxlint/binding-linux-x64-gnu': [ '1.73.0' ],
171 silly audit   '@oxlint/binding-linux-x64-musl': [ '1.73.0' ],
171 silly audit   '@oxlint/binding-openharmony-arm64': [ '1.73.0' ],
171 silly audit   '@oxlint/binding-win32-arm64-msvc': [ '1.73.0' ],
171 silly audit   '@oxlint/binding-win32-ia32-msvc': [ '1.73.0' ],
171 silly audit   '@oxlint/binding-win32-x64-msvc': [ '1.73.0' ],
171 silly audit   '@polka/url': [ '1.0.0-next.29' ],
171 silly audit   '@popperjs/core': [ '2.11.8' ],
171 silly audit   '@rolldown/binding-android-arm64': [ '1.2.3' ],
171 silly audit   '@rolldown/binding-darwin-arm64': [ '1.2.3' ],
171 silly audit   '@rolldown/binding-darwin-x64': [ '1.2.3' ],
171 silly audit   '@rolldown/binding-freebsd-x64': [ '1.2.3' ],
171 silly audit   '@rolldown/binding-linux-arm-gnueabihf': [ '1.2.3' ],
171 silly audit   '@rolldown/binding-linux-arm64-gnu': [ '1.2.3' ],
171 silly audit   '@rolldown/binding-linux-arm64-musl': [ '1.2.3' ],
171 silly audit   '@rolldown/binding-linux-ppc64-gnu': [ '1.2.3' ],
171 silly audit   '@rolldown/binding-linux-s390x-gnu': [ '1.2.3' ],
171 silly audit   '@rolldown/binding-linux-x64-gnu': [ '1.2.3' ],
171 silly audit   '@rolldown/binding-linux-x64-musl': [ '1.2.3' ],
171 silly audit   '@rolldown/binding-openharmony-arm64': [ '1.2.3' ],
171 silly audit   '@rolldown/binding-win32-arm64-msvc': [ '1.2.3' ],
171 silly audit   '@rolldown/binding-win32-x64-msvc': [ '1.2.3' ],
171 silly audit   '@rolldown/pluginutils': [ '1.0.1' ],
171 silly audit   '@types/esrecurse': [ '4.3.1' ],
171 silly audit   '@types/estree': [ '1.0.9' ],
171 silly audit   '@types/jsesc': [ '2.5.1' ],
171 silly audit   '@types/json-schema': [ '7.0.15' ],
171 silly audit   '@vitejs/plugin-vue': [ '6.0.8' ],
171 silly audit   '@vue-macros/common': [ '3.1.4' ],
171 silly audit   '@vue/babel-helper-vue-transform-on': [ '1.5.0' ],
171 silly audit   '@vue/babel-plugin-jsx': [ '1.5.0' ],
171 silly audit   '@vue/babel-plugin-resolve-type': [ '1.5.0' ],
171 silly audit   '@vue/compiler-core': [ '3.5.41' ],
171 silly audit   '@vue/compiler-dom': [ '3.5.41' ],
171 silly audit   '@vue/compiler-sfc': [ '3.5.41' ],
171 silly audit   '@vue/compiler-ssr': [ '3.5.41' ],
171 silly audit   '@vue/devtools-api': [ '8.2.1' ],
171 silly audit   '@vue/devtools-core': [ '8.2.1' ],
171 silly audit   '@vue/devtools-kit': [ '8.2.1' ],
171 silly audit   '@vue/devtools-shared': [ '8.2.1' ],
171 silly audit   '@vue/reactivity': [ '3.5.41' ],
171 silly audit   '@vue/runtime-core': [ '3.5.41' ],
171 silly audit   '@vue/runtime-dom': [ '3.5.41' ],
171 silly audit   '@vue/server-renderer': [ '3.5.41' ],
171 silly audit   '@vue/shared': [ '3.5.41' ],
171 silly audit   acorn: [ '8.18.0' ],
171 silly audit   'acorn-jsx': [ '5.3.2' ],
171 silly audit   ajv: [ '6.15.0' ],
171 silly audit   'ansi-styles': [ '7.0.0' ],
171 silly audit   ansis: [ '4.3.1' ],
171 silly audit   'ast-kit': [ '2.2.0' ],
171 silly audit   'ast-walker-scope': [ '0.9.0' ],
171 silly audit   'balanced-match': [ '4.0.4' ],
171 silly audit   'baseline-browser-mapping': [ '2.11.13' ],
171 silly audit   birpc: [ '2.9.0', '4.1.0' ],
171 silly audit   boolbase: [ '1.0.0' ],
171 silly audit   bootstrap: [ '5.3.8' ],
171 silly audit   'brace-expansion': [ '5.0.9' ],
171 silly audit   browserslist: [ '4.28.8' ],
171 silly audit   'bundle-name': [ '4.1.0' ],
171 silly audit   'caniuse-lite': [ '1.0.30001809' ],
171 silly audit   chokidar: [ '5.0.0' ],
171 silly audit   confbox: [ '0.2.4', '0.1.8' ],
171 silly audit   'convert-source-map': [ '2.0.0' ],
171 silly audit   'cross-spawn': [ '7.0.6' ],
171 silly audit   cssesc: [ '3.0.0' ],
171 silly audit   csstype: [ '3.2.3' ],
171 silly audit   debug: [ '4.4.3' ],
171 silly audit   'deep-is': [ '0.1.4' ],
171 silly audit   'default-browser': [ '5.5.0' ],
171 silly audit   'default-browser-id': [ '5.0.1' ],
171 silly audit   'define-lazy-prop': [ '3.0.0' ],
171 silly audit   'detect-libc': [ '2.1.2' ],
171 silly audit   'electron-to-chromium': [ '1.5.404' ],
171 silly audit   entities: [ '7.0.1' ],
171 silly audit   'error-stack-parser-es': [ '1.0.5' ],
171 silly audit   escalade: [ '3.2.0' ],
171 silly audit   'escape-string-regexp': [ '4.0.0' ],
171 silly audit   eslint: [ '10.8.1' ],
171 silly audit   'eslint-config-prettier': [ '10.1.8' ],
171 silly audit   'eslint-plugin-oxlint': [ '1.73.0' ],
171 silly audit   'eslint-plugin-vue': [ '10.9.2' ],
171 silly audit   'eslint-scope': [ '9.1.2' ],
171 silly audit   espree: [ '11.2.0' ],
171 silly audit   esquery: [ '1.7.0' ],
171 silly audit   esrecurse: [ '4.3.0' ],
171 silly audit   estraverse: [ '5.3.0' ],
171 silly audit   'estree-walker': [ '2.0.2' ],
171 silly audit   esutils: [ '2.0.3' ],
171 silly audit   exsolve: [ '1.1.1' ],
171 silly audit   'fast-deep-equal': [ '3.1.3' ],
171 silly audit   'fast-json-stable-stringify': [ '2.1.0' ],
171 silly audit   'fast-levenshtein': [ '2.0.6' ],
171 silly audit   fdir: [ '6.5.0' ],
171 silly audit   'file-entry-cache': [ '8.0.0' ],
171 silly audit   'find-up': [ '5.0.0' ],
171 silly audit   'flat-cache': [ '4.0.1' ],
171 silly audit   flatted: [ '3.4.4' ],
171 silly audit   fsevents: [ '2.3.3' ],
171 silly audit   gensync: [ '1.0.0-beta.2' ],
171 silly audit   'glob-parent': [ '6.0.2' ],
171 silly audit   globals: [ '17.9.0' ],
171 silly audit   hookable: [ '5.5.3' ],
171 silly audit   ignore: [ '5.3.2' ],
171 silly audit   imurmurhash: [ '0.1.4' ],
171 silly audit   'is-docker': [ '3.0.0' ],
171 silly audit   'is-extglob': [ '2.1.1' ],
171 silly audit   'is-glob': [ '4.0.3' ],
171 silly audit   'is-in-ssh': [ '1.0.0' ],
171 silly audit   'is-inside-container': [ '1.0.0' ],
171 silly audit   'is-wsl': [ '3.1.1' ],
171 silly audit   isexe: [ '2.0.0', '4.0.0' ],
171 silly audit   'js-tokens': [ '4.0.0' ],
171 silly audit   jsesc: [ '3.1.0' ],
171 silly audit   'json-buffer': [ '3.0.1' ],
171 silly audit   'json-parse-even-better-errors': [ '6.0.0' ],
171 silly audit   'json-schema-traverse': [ '0.4.1' ],
171 silly audit   'json-stable-stringify-without-jsonify': [ '1.0.1' ],
171 silly audit   json5: [ '2.2.3' ],
171 silly audit   'jsonc-parser': [ '3.3.1' ],
171 silly audit   keyv: [ '4.5.4' ],
171 silly audit   kolorist: [ '1.8.0' ],
171 silly audit   levn: [ '0.4.1' ],
171 silly audit   lightningcss: [ '1.33.0' ],
171 silly audit   'lightningcss-android-arm64': [ '1.33.0' ],
171 silly audit   'lightningcss-darwin-arm64': [ '1.33.0' ],
171 silly audit   'lightningcss-darwin-x64': [ '1.33.0' ],
171 silly audit   'lightningcss-freebsd-x64': [ '1.33.0' ],
171 silly audit   'lightningcss-linux-arm-gnueabihf': [ '1.33.0' ],
171 silly audit   'lightningcss-linux-arm64-gnu': [ '1.33.0' ],
171 silly audit   'lightningcss-linux-arm64-musl': [ '1.33.0' ],
171 silly audit   'lightningcss-linux-x64-gnu': [ '1.33.0' ],
171 silly audit   'lightningcss-linux-x64-musl': [ '1.33.0' ],
171 silly audit   'lightningcss-win32-arm64-msvc': [ '1.33.0' ],
171 silly audit   'lightningcss-win32-x64-msvc': [ '1.33.0' ],
171 silly audit   'local-pkg': [ '1.2.1' ],
171 silly audit   'locate-path': [ '6.0.0' ],
171 silly audit   'lru-cache': [ '5.1.1' ],
171 silly audit   'magic-string': [ '0.30.21' ],
171 silly audit   'magic-string-ast': [ '1.0.3' ],
171 silly audit   memorystream: [ '0.3.1' ],
171 silly audit   minimatch: [ '10.2.6' ],
171 silly audit   mlly: [ '1.8.2' ],
171 silly audit   'pkg-types': [ '1.3.1', '2.3.1' ],
171 silly audit   mrmime: [ '2.0.1' ],
171 silly audit   ms: [ '2.1.3' ],
171 silly audit   'muggle-string': [ '0.4.1' ],
171 silly audit   nanoid: [ '3.3.18' ],
171 silly audit   'natural-compare': [ '1.4.0' ],
171 silly audit   'node-releases': [ '2.0.53' ],
171 silly audit   nostics: [ '1.2.0' ],
171 silly audit   'npm-normalize-package-bin': [ '6.0.0' ],
171 silly audit   'npm-run-all2': [ '9.0.3' ],
171 silly audit   which: [ '7.0.0', '2.0.2' ],
171 silly audit   'nth-check': [ '2.1.1' ],
171 silly audit   obug: [ '2.1.4' ],
171 silly audit   ohash: [ '2.0.11' ],
171 silly audit   open: [ '11.0.0' ],
171 silly audit   optionator: [ '0.9.4' ],
171 silly audit   oxlint: [ '1.73.0' ],
171 silly audit   'p-limit': [ '3.1.0' ],
171 silly audit   'p-locate': [ '5.0.0' ],
171 silly audit   'path-exists': [ '4.0.0' ],
171 silly audit   'path-key': [ '3.1.1' ],
171 silly audit   pathe: [ '2.0.3' ],
171 silly audit   'perfect-debounce': [ '2.1.0' ],
171 silly audit   picocolors: [ '1.1.1' ],
171 silly audit   picomatch: [ '4.0.5' ],
171 silly audit   pidtree: [ '1.0.0' ],
171 silly audit   postcss: [ '8.5.26' ],
171 silly audit   'postcss-selector-parser': [ '7.1.5' ],
171 silly audit   'powershell-utils': [ '0.1.0' ],
171 silly audit   'prelude-ls': [ '1.2.1' ],
171 silly audit   prettier: [ '3.9.5' ],
171 silly audit   punycode: [ '2.3.1' ],
171 silly audit   quansync: [ '0.2.11' ],
171 silly audit   'read-package-json-fast': [ '6.0.0' ],
171 silly audit   readdirp: [ '5.1.1' ],
171 silly audit   rolldown: [ '1.2.3' ],
171 silly audit   'run-applescript': [ '7.1.0' ],
171 silly audit   scule: [ '1.3.0' ],
171 silly audit   'shebang-command': [ '2.0.0' ],
171 silly audit   'shebang-regex': [ '3.0.0' ],
171 silly audit   'shell-quote': [ '1.10.0' ],
171 silly audit   sirv: [ '3.0.2' ],
171 silly audit   'source-map-js': [ '1.2.1' ],
171 silly audit   tinyglobby: [ '0.2.17' ],
171 silly audit   totalist: [ '3.0.1' ],
171 silly audit   'type-check': [ '0.4.0' ],
171 silly audit   ufo: [ '1.6.4' ],
171 silly audit   unplugin: [ '3.3.0' ],
171 silly audit   'unplugin-utils': [ '0.3.2' ],
171 silly audit   'update-browserslist-db': [ '1.3.1' ],
171 silly audit   'uri-js': [ '4.4.1' ],
171 silly audit   'util-deprecate': [ '1.0.2' ],
171 silly audit   vite: [ '8.2.1' ],
171 silly audit   'vite-dev-rpc': [ '2.0.0' ],
171 silly audit   'vite-hot-client': [ '2.2.0' ],
171 silly audit   'vite-plugin-inspect': [ '11.4.1' ],
171 silly audit   'vite-plugin-vue-devtools': [ '8.2.1' ],
171 silly audit   'vite-plugin-vue-inspector': [ '6.0.0' ],
171 silly audit   vue: [ '3.5.41' ],
171 silly audit   'vue-eslint-parser': [ '10.4.1' ],
171 silly audit   'vue-router': [ '5.2.0' ],
171 silly audit   'webpack-virtual-modules': [ '0.6.2' ],
171 silly audit   'word-wrap': [ '1.2.5' ],
171 silly audit   'wsl-utils': [ '0.3.1' ],
171 silly audit   'xml-name-validator': [ '4.0.0' ],
171 silly audit   yallist: [ '3.1.1' ],
171 silly audit   yaml: [ '2.9.0' ],
171 silly audit   'yocto-queue': [ '0.1.0' ]
171 silly audit }
172 verbose reify failed optional dependency C:\Users\Usuario\Desktop\hackas\instituto-med-FEAT-Fluxograma\node_modules\@rolldown\binding-win32-arm64-msvc
173 silly reify mark deleted [
173 silly reify   'C:\\Users\\Usuario\\Desktop\\hackas\\instituto-med-FEAT-Fluxograma\\node_modules\\@rolldown\\binding-win32-arm64-msvc'
173 silly reify ]
174 verbose reify failed optional dependency C:\Users\Usuario\Desktop\hackas\instituto-med-FEAT-Fluxograma\node_modules\@rolldown\binding-openharmony-arm64
175 silly reify mark deleted [
175 silly reify   'C:\\Users\\Usuario\\Desktop\\hackas\\instituto-med-FEAT-Fluxograma\\node_modules\\@rolldown\\binding-openharmony-arm64'
175 silly reify ]
176 verbose reify failed optional dependency C:\Users\Usuario\Desktop\hackas\instituto-med-FEAT-Fluxograma\node_modules\@rolldown\binding-linux-x64-musl
177 silly reify mark deleted [
177 silly reify   'C:\\Users\\Usuario\\Desktop\\hackas\\instituto-med-FEAT-Fluxograma\\node_modules\\@rolldown\\binding-linux-x64-musl'
177 silly reify ]
178 verbose reify failed optional dependency C:\Users\Usuario\Desktop\hackas\instituto-med-FEAT-Fluxograma\node_modules\@rolldown\binding-linux-x64-gnu
179 silly reify mark deleted [
179 silly reify   'C:\\Users\\Usuario\\Desktop\\hackas\\instituto-med-FEAT-Fluxograma\\node_modules\\@rolldown\\binding-linux-x64-gnu'
179 silly reify ]
180 verbose reify failed optional dependency C:\Users\Usuario\Desktop\hackas\instituto-med-FEAT-Fluxograma\node_modules\@rolldown\binding-linux-s390x-gnu
181 silly reify mark deleted [
181 silly reify   'C:\\Users\\Usuario\\Desktop\\hackas\\instituto-med-FEAT-Fluxograma\\node_modules\\@rolldown\\binding-linux-s390x-gnu'
181 silly reify ]
182 verbose reify failed optional dependency C:\Users\Usuario\Desktop\hackas\instituto-med-FEAT-Fluxograma\node_modules\@rolldown\binding-linux-ppc64-gnu
183 silly reify mark deleted [
183 silly reify   'C:\\Users\\Usuario\\Desktop\\hackas\\instituto-med-FEAT-Fluxograma\\node_modules\\@rolldown\\binding-linux-ppc64-gnu'
183 silly reify ]
184 verbose reify failed optional dependency C:\Users\Usuario\Desktop\hackas\instituto-med-FEAT-Fluxograma\node_modules\@rolldown\binding-linux-arm64-musl
185 silly reify mark deleted [
185 silly reify   'C:\\Users\\Usuario\\Desktop\\hackas\\instituto-med-FEAT-Fluxograma\\node_modules\\@rolldown\\binding-linux-arm64-musl'
185 silly reify ]
186 verbose reify failed optional dependency C:\Users\Usuario\Desktop\hackas\instituto-med-FEAT-Fluxograma\node_modules\@rolldown\binding-linux-arm64-gnu
187 silly reify mark deleted [
187 silly reify   'C:\\Users\\Usuario\\Desktop\\hackas\\instituto-med-FEAT-Fluxograma\\node_modules\\@rolldown\\binding-linux-arm64-gnu'
187 silly reify ]
188 verbose reify failed optional dependency C:\Users\Usuario\Desktop\hackas\instituto-med-FEAT-Fluxograma\node_modules\@rolldown\binding-linux-arm-gnueabihf
189 silly reify mark deleted [
189 silly reify   'C:\\Users\\Usuario\\Desktop\\hackas\\instituto-med-FEAT-Fluxograma\\node_modules\\@rolldown\\binding-linux-arm-gnueabihf'
189 silly reify ]
190 verbose reify failed optional dependency C:\Users\Usuario\Desktop\hackas\instituto-med-FEAT-Fluxograma\node_modules\@rolldown\binding-freebsd-x64
191 silly reify mark deleted [
191 silly reify   'C:\\Users\\Usuario\\Desktop\\hackas\\instituto-med-FEAT-Fluxograma\\node_modules\\@rolldown\\binding-freebsd-x64'
191 silly reify ]
192 verbose reify failed optional dependency C:\Users\Usuario\Desktop\hackas\instituto-med-FEAT-Fluxograma\node_modules\@rolldown\binding-darwin-x64
193 silly reify mark deleted [
193 silly reify   'C:\\Users\\Usuario\\Desktop\\hackas\\instituto-med-FEAT-Fluxograma\\node_modules\\@rolldown\\binding-darwin-x64'
193 silly reify ]
194 verbose reify failed optional dependency C:\Users\Usuario\Desktop\hackas\instituto-med-FEAT-Fluxograma\node_modules\@rolldown\binding-darwin-arm64
195 silly reify mark deleted [
195 silly reify   'C:\\Users\\Usuario\\Desktop\\hackas\\instituto-med-FEAT-Fluxograma\\node_modules\\@rolldown\\binding-darwin-arm64'
195 silly reify ]
196 verbose reify failed optional dependency C:\Users\Usuario\Desktop\hackas\instituto-med-FEAT-Fluxograma\node_modules\@rolldown\binding-android-arm64
197 silly reify mark deleted [
197 silly reify   'C:\\Users\\Usuario\\Desktop\\hackas\\instituto-med-FEAT-Fluxograma\\node_modules\\@rolldown\\binding-android-arm64'
197 silly reify ]
198 verbose reify failed optional dependency C:\Users\Usuario\Desktop\hackas\instituto-med-FEAT-Fluxograma\node_modules\@oxlint\binding-win32-ia32-msvc
199 silly reify mark deleted [
199 silly reify   'C:\\Users\\Usuario\\Desktop\\hackas\\instituto-med-FEAT-Fluxograma\\node_modules\\@oxlint\\binding-win32-ia32-msvc'
199 silly reify ]
200 verbose reify failed optional dependency C:\Users\Usuario\Desktop\hackas\instituto-med-FEAT-Fluxograma\node_modules\@oxlint\binding-win32-arm64-msvc
201 silly reify mark deleted [
201 silly reify   'C:\\Users\\Usuario\\Desktop\\hackas\\instituto-med-FEAT-Fluxograma\\node_modules\\@oxlint\\binding-win32-arm64-msvc'
201 silly reify ]
202 verbose reify failed optional dependency C:\Users\Usuario\Desktop\hackas\instituto-med-FEAT-Fluxograma\node_modules\@oxlint\binding-openharmony-arm64
203 silly reify mark deleted [
203 silly reify   'C:\\Users\\Usuario\\Desktop\\hackas\\instituto-med-FEAT-Fluxograma\\node_modules\\@oxlint\\binding-openharmony-arm64'
203 silly reify ]
204 verbose reify failed optional dependency C:\Users\Usuario\Desktop\hackas\instituto-med-FEAT-Fluxograma\node_modules\@oxlint\binding-linux-x64-musl
205 silly reify mark deleted [
205 silly reify   'C:\\Users\\Usuario\\Desktop\\hackas\\instituto-med-FEAT-Fluxograma\\node_modules\\@oxlint\\binding-linux-x64-musl'
205 silly reify ]
206 verbose reify failed optional dependency C:\Users\Usuario\Desktop\hackas\instituto-med-FEAT-Fluxograma\node_modules\@oxlint\binding-linux-x64-gnu
207 silly reify mark deleted [
207 silly reify   'C:\\Users\\Usuario\\Desktop\\hackas\\instituto-med-FEAT-Fluxograma\\node_modules\\@oxlint\\binding-linux-x64-gnu'
207 silly reify ]
208 verbose reify failed optional dependency C:\Users\Usuario\Desktop\hackas\instituto-med-FEAT-Fluxograma\node_modules\@oxlint\binding-linux-s390x-gnu
209 silly reify mark deleted [
209 silly reify   'C:\\Users\\Usuario\\Desktop\\hackas\\instituto-med-FEAT-Fluxograma\\node_modules\\@oxlint\\binding-linux-s390x-gnu'
209 silly reify ]
210 verbose reify failed optional dependency C:\Users\Usuario\Desktop\hackas\instituto-med-FEAT-Fluxograma\node_modules\@oxlint\binding-linux-riscv64-musl
211 silly reify mark deleted [
211 silly reify   'C:\\Users\\Usuario\\Desktop\\hackas\\instituto-med-FEAT-Fluxograma\\node_modules\\@oxlint\\binding-linux-riscv64-musl'
211 silly reify ]
212 verbose reify failed optional dependency C:\Users\Usuario\Desktop\hackas\instituto-med-FEAT-Fluxograma\node_modules\@oxlint\binding-linux-riscv64-gnu
213 silly reify mark deleted [
213 silly reify   'C:\\Users\\Usuario\\Desktop\\hackas\\instituto-med-FEAT-Fluxograma\\node_modules\\@oxlint\\binding-linux-riscv64-gnu'
213 silly reify ]
214 verbose reify failed optional dependency C:\Users\Usuario\Desktop\hackas\instituto-med-FEAT-Fluxograma\node_modules\@oxlint\binding-linux-ppc64-gnu
215 silly reify mark deleted [
215 silly reify   'C:\\Users\\Usuario\\Desktop\\hackas\\instituto-med-FEAT-Fluxograma\\node_modules\\@oxlint\\binding-linux-ppc64-gnu'
215 silly reify ]
216 verbose reify failed optional dependency C:\Users\Usuario\Desktop\hackas\instituto-med-FEAT-Fluxograma\node_modules\@oxlint\binding-linux-arm64-musl
217 silly reify mark deleted [
217 silly reify   'C:\\Users\\Usuario\\Desktop\\hackas\\instituto-med-FEAT-Fluxograma\\node_modules\\@oxlint\\binding-linux-arm64-musl'
217 silly reify ]
218 verbose reify failed optional dependency C:\Users\Usuario\Desktop\hackas\instituto-med-FEAT-Fluxograma\node_modules\@oxlint\binding-linux-arm64-gnu
219 silly reify mark deleted [
219 silly reify   'C:\\Users\\Usuario\\Desktop\\hackas\\instituto-med-FEAT-Fluxograma\\node_modules\\@oxlint\\binding-linux-arm64-gnu'
219 silly reify ]
220 verbose reify failed optional dependency C:\Users\Usuario\Desktop\hackas\instituto-med-FEAT-Fluxograma\node_modules\@oxlint\binding-linux-arm-musleabihf
221 silly reify mark deleted [
221 silly reify   'C:\\Users\\Usuario\\Desktop\\hackas\\instituto-med-FEAT-Fluxograma\\node_modules\\@oxlint\\binding-linux-arm-musleabihf'
221 silly reify ]
222 verbose reify failed optional dependency C:\Users\Usuario\Desktop\hackas\instituto-med-FEAT-Fluxograma\node_modules\@oxlint\binding-linux-arm-gnueabihf
223 silly reify mark deleted [
223 silly reify   'C:\\Users\\Usuario\\Desktop\\hackas\\instituto-med-FEAT-Fluxograma\\node_modules\\@oxlint\\binding-linux-arm-gnueabihf'
223 silly reify ]
224 verbose reify failed optional dependency C:\Users\Usuario\Desktop\hackas\instituto-med-FEAT-Fluxograma\node_modules\@oxlint\binding-freebsd-x64
225 silly reify mark deleted [
225 silly reify   'C:\\Users\\Usuario\\Desktop\\hackas\\instituto-med-FEAT-Fluxograma\\node_modules\\@oxlint\\binding-freebsd-x64'
225 silly reify ]
226 verbose reify failed optional dependency C:\Users\Usuario\Desktop\hackas\instituto-med-FEAT-Fluxograma\node_modules\@oxlint\binding-darwin-x64
227 silly reify mark deleted [
227 silly reify   'C:\\Users\\Usuario\\Desktop\\hackas\\instituto-med-FEAT-Fluxograma\\node_modules\\@oxlint\\binding-darwin-x64'
227 silly reify ]
228 verbose reify failed optional dependency C:\Users\Usuario\Desktop\hackas\instituto-med-FEAT-Fluxograma\node_modules\@oxlint\binding-darwin-arm64
229 silly reify mark deleted [
229 silly reify   'C:\\Users\\Usuario\\Desktop\\hackas\\instituto-med-FEAT-Fluxograma\\node_modules\\@oxlint\\binding-darwin-arm64'
229 silly reify ]
230 verbose reify failed optional dependency C:\Users\Usuario\Desktop\hackas\instituto-med-FEAT-Fluxograma\node_modules\@oxlint\binding-android-arm64
231 silly reify mark deleted [
231 silly reify   'C:\\Users\\Usuario\\Desktop\\hackas\\instituto-med-FEAT-Fluxograma\\node_modules\\@oxlint\\binding-android-arm64'
231 silly reify ]
232 verbose reify failed optional dependency C:\Users\Usuario\Desktop\hackas\instituto-med-FEAT-Fluxograma\node_modules\@oxlint\binding-android-arm-eabi
233 silly reify mark deleted [
233 silly reify   'C:\\Users\\Usuario\\Desktop\\hackas\\instituto-med-FEAT-Fluxograma\\node_modules\\@oxlint\\binding-android-arm-eabi'
233 silly reify ]
234 verbose reify failed optional dependency C:\Users\Usuario\Desktop\hackas\instituto-med-FEAT-Fluxograma\node_modules\lightningcss-win32-arm64-msvc
235 silly reify mark deleted [
235 silly reify   'C:\\Users\\Usuario\\Desktop\\hackas\\instituto-med-FEAT-Fluxograma\\node_modules\\lightningcss-win32-arm64-msvc'
235 silly reify ]
236 verbose reify failed optional dependency C:\Users\Usuario\Desktop\hackas\instituto-med-FEAT-Fluxograma\node_modules\lightningcss-linux-x64-musl
237 silly reify mark deleted [
237 silly reify   'C:\\Users\\Usuario\\Desktop\\hackas\\instituto-med-FEAT-Fluxograma\\node_modules\\lightningcss-linux-x64-musl'
237 silly reify ]
238 verbose reify failed optional dependency C:\Users\Usuario\Desktop\hackas\instituto-med-FEAT-Fluxograma\node_modules\lightningcss-linux-x64-gnu
239 silly reify mark deleted [
239 silly reify   'C:\\Users\\Usuario\\Desktop\\hackas\\instituto-med-FEAT-Fluxograma\\node_modules\\lightningcss-linux-x64-gnu'
239 silly reify ]
240 verbose reify failed optional dependency C:\Users\Usuario\Desktop\hackas\instituto-med-FEAT-Fluxograma\node_modules\lightningcss-linux-arm64-musl
241 silly reify mark deleted [
241 silly reify   'C:\\Users\\Usuario\\Desktop\\hackas\\instituto-med-FEAT-Fluxograma\\node_modules\\lightningcss-linux-arm64-musl'
241 silly reify ]
242 verbose reify failed optional dependency C:\Users\Usuario\Desktop\hackas\instituto-med-FEAT-Fluxograma\node_modules\lightningcss-linux-arm64-gnu
243 silly reify mark deleted [
243 silly reify   'C:\\Users\\Usuario\\Desktop\\hackas\\instituto-med-FEAT-Fluxograma\\node_modules\\lightningcss-linux-arm64-gnu'
243 silly reify ]
244 verbose reify failed optional dependency C:\Users\Usuario\Desktop\hackas\instituto-med-FEAT-Fluxograma\node_modules\lightningcss-linux-arm-gnueabihf
245 silly reify mark deleted [
245 silly reify   'C:\\Users\\Usuario\\Desktop\\hackas\\instituto-med-FEAT-Fluxograma\\node_modules\\lightningcss-linux-arm-gnueabihf'
245 silly reify ]
246 verbose reify failed optional dependency C:\Users\Usuario\Desktop\hackas\instituto-med-FEAT-Fluxograma\node_modules\lightningcss-freebsd-x64
247 silly reify mark deleted [
247 silly reify   'C:\\Users\\Usuario\\Desktop\\hackas\\instituto-med-FEAT-Fluxograma\\node_modules\\lightningcss-freebsd-x64'
247 silly reify ]
248 verbose reify failed optional dependency C:\Users\Usuario\Desktop\hackas\instituto-med-FEAT-Fluxograma\node_modules\lightningcss-darwin-x64
249 silly reify mark deleted [
249 silly reify   'C:\\Users\\Usuario\\Desktop\\hackas\\instituto-med-FEAT-Fluxograma\\node_modules\\lightningcss-darwin-x64'
249 silly reify ]
250 verbose reify failed optional dependency C:\Users\Usuario\Desktop\hackas\instituto-med-FEAT-Fluxograma\node_modules\lightningcss-darwin-arm64
251 silly reify mark deleted [
251 silly reify   'C:\\Users\\Usuario\\Desktop\\hackas\\instituto-med-FEAT-Fluxograma\\node_modules\\lightningcss-darwin-arm64'
251 silly reify ]
252 verbose reify failed optional dependency C:\Users\Usuario\Desktop\hackas\instituto-med-FEAT-Fluxograma\node_modules\lightningcss-android-arm64
253 silly reify mark deleted [
253 silly reify   'C:\\Users\\Usuario\\Desktop\\hackas\\instituto-med-FEAT-Fluxograma\\node_modules\\lightningcss-android-arm64'
253 silly reify ]
254 verbose reify failed optional dependency C:\Users\Usuario\Desktop\hackas\instituto-med-FEAT-Fluxograma\node_modules\fsevents
255 silly reify mark deleted [
255 silly reify   'C:\\Users\\Usuario\\Desktop\\hackas\\instituto-med-FEAT-Fluxograma\\node_modules\\fsevents'
255 silly reify ]
256 http cache @babel/parser@https://registry.npmjs.org/@babel/parser/-/parser-7.29.8.tgz 1ms (cache hit)
257 http cache which@https://registry.npmjs.org/which/-/which-2.0.2.tgz 0ms (cache hit)
258 http cache nanoid@https://registry.npmjs.org/nanoid/-/nanoid-3.3.18.tgz 0ms (cache hit)
259 http cache json5@https://registry.npmjs.org/json5/-/json5-2.2.3.tgz 0ms (cache hit)
260 http cache jsesc@https://registry.npmjs.org/jsesc/-/jsesc-3.1.0.tgz 0ms (cache hit)
261 http cache is-docker@https://registry.npmjs.org/is-docker/-/is-docker-3.0.0.tgz 0ms (cache hit)
262 http cache eslint-config-prettier@https://registry.npmjs.org/eslint-config-prettier/-/eslint-config-prettier-10.1.8.tgz 1ms (cache hit)
263 http cache is-inside-container@https://registry.npmjs.org/is-inside-container/-/is-inside-container-1.0.0.tgz 0ms (cache hit)
264 http cache @vue-macros/common@https://registry.npmjs.org/@vue-macros/common/-/common-3.1.4.tgz 0ms (cache hit)
265 http cache @vue/shared@https://registry.npmjs.org/@vue/shared/-/shared-3.5.41.tgz 0ms (cache hit)
266 http cache cssesc@https://registry.npmjs.org/cssesc/-/cssesc-3.0.0.tgz 0ms (cache hit)
267 http cache @vue/server-renderer@https://registry.npmjs.org/@vue/server-renderer/-/server-renderer-3.5.41.tgz 1ms (cache hit)
268 http cache @vue/runtime-dom@https://registry.npmjs.org/@vue/runtime-dom/-/runtime-dom-3.5.41.tgz 0ms (cache hit)
269 http cache @vue/reactivity@https://registry.npmjs.org/@vue/reactivity/-/reactivity-3.5.41.tgz 0ms (cache hit)
270 http cache @vue/runtime-core@https://registry.npmjs.org/@vue/runtime-core/-/runtime-core-3.5.41.tgz 1ms (cache hit)
271 http cache @vue/devtools-shared@https://registry.npmjs.org/@vue/devtools-shared/-/devtools-shared-8.2.1.tgz 0ms (cache hit)
272 http cache @vue/devtools-kit@https://registry.npmjs.org/@vue/devtools-kit/-/devtools-kit-8.2.1.tgz 0ms (cache hit)
273 http cache @vue/devtools-core@https://registry.npmjs.org/@vue/devtools-core/-/devtools-core-8.2.1.tgz 0ms (cache hit)
274 http cache @vue/devtools-api@https://registry.npmjs.org/@vue/devtools-api/-/devtools-api-8.2.1.tgz 0ms (cache hit)
275 http cache @vue/compiler-sfc@https://registry.npmjs.org/@vue/compiler-sfc/-/compiler-sfc-3.5.41.tgz 0ms (cache hit)
276 http cache @vue/compiler-ssr@https://registry.npmjs.org/@vue/compiler-ssr/-/compiler-ssr-3.5.41.tgz 0ms (cache hit)
277 http cache @vue/compiler-dom@https://registry.npmjs.org/@vue/compiler-dom/-/compiler-dom-3.5.41.tgz 1ms (cache hit)
278 http cache @vue/compiler-core@https://registry.npmjs.org/@vue/compiler-core/-/compiler-core-3.5.41.tgz 0ms (cache hit)
279 http cache @rolldown/binding-win32-x64-msvc@https://registry.npmjs.org/@rolldown/binding-win32-x64-msvc/-/binding-win32-x64-msvc-1.2.3.tgz 0ms (cache hit)
280 http cache @popperjs/core@https://registry.npmjs.org/@popperjs/core/-/core-2.11.8.tgz 0ms (cache hit)
281 http cache @oxc-project/types@https://registry.npmjs.org/@oxc-project/types/-/types-0.143.0.tgz 0ms (cache hit)
282 http cache @oxlint/binding-win32-x64-msvc@https://registry.npmjs.org/@oxlint/binding-win32-x64-msvc/-/binding-win32-x64-msvc-1.73.0.tgz 0ms (cache hit)
283 http cache @eslint-community/eslint-utils@https://registry.npmjs.org/@eslint-community/eslint-utils/-/eslint-utils-4.10.1.tgz 0ms (cache hit)
284 http cache @types/estree@https://registry.npmjs.org/@types/estree/-/estree-1.0.9.tgz 0ms (cache hit)
285 http cache @types/jsesc@https://registry.npmjs.org/@types/jsesc/-/jsesc-2.5.1.tgz 0ms (cache hit)
286 http cache @eslint/config-helpers@https://registry.npmjs.org/@eslint/config-helpers/-/config-helpers-0.7.0.tgz 0ms (cache hit)
287 http cache @eslint/plugin-kit@https://registry.npmjs.org/@eslint/plugin-kit/-/plugin-kit-0.7.2.tgz 0ms (cache hit)
288 http cache @babel/template@https://registry.npmjs.org/@babel/template/-/template-7.29.7.tgz 0ms (cache hit)
289 http cache @babel/traverse@https://registry.npmjs.org/@babel/traverse/-/traverse-7.29.8.tgz 0ms (cache hit)
290 http cache @babel/plugin-transform-typescript@https://registry.npmjs.org/@babel/plugin-transform-typescript/-/plugin-transform-typescript-7.29.7.tgz 0ms (cache hit)
291 http cache @babel/plugin-syntax-typescript@https://registry.npmjs.org/@babel/plugin-syntax-typescript/-/plugin-syntax-typescript-7.29.7.tgz 0ms (cache hit)
292 http cache @babel/plugin-syntax-jsx@https://registry.npmjs.org/@babel/plugin-syntax-jsx/-/plugin-syntax-jsx-7.29.7.tgz 0ms (cache hit)
293 http cache @babel/plugin-syntax-import-attributes@https://registry.npmjs.org/@babel/plugin-syntax-import-attributes/-/plugin-syntax-import-attributes-7.29.7.tgz 0ms (cache hit)
294 http cache @babel/plugin-syntax-decorators@https://registry.npmjs.org/@babel/plugin-syntax-decorators/-/plugin-syntax-decorators-7.29.7.tgz 1ms (cache hit)
295 http cache @babel/plugin-proposal-decorators@https://registry.npmjs.org/@babel/plugin-proposal-decorators/-/plugin-proposal-decorators-7.29.7.tgz 0ms (cache hit)
296 http cache @babel/helpers@https://registry.npmjs.org/@babel/helpers/-/helpers-7.29.7.tgz 0ms (cache hit)
297 http cache @babel/helper-validator-option@https://registry.npmjs.org/@babel/helper-validator-option/-/helper-validator-option-7.29.7.tgz 0ms (cache hit)
298 http cache @babel/helper-skip-transparent-expression-wrappers@https://registry.npmjs.org/@babel/helper-skip-transparent-expression-wrappers/-/helper-skip-transparent-expression-wrappers-7.29.7.tgz 0ms (cache hit)
299 http cache @babel/helper-plugin-utils@https://registry.npmjs.org/@babel/helper-plugin-utils/-/helper-plugin-utils-7.29.7.tgz 0ms (cache hit)
300 http cache @babel/helper-replace-supers@https://registry.npmjs.org/@babel/helper-replace-supers/-/helper-replace-supers-7.29.7.tgz 0ms (cache hit)
301 http cache @babel/helper-optimise-call-expression@https://registry.npmjs.org/@babel/helper-optimise-call-expression/-/helper-optimise-call-expression-7.29.7.tgz 0ms (cache hit)
302 http cache @babel/helper-module-transforms@https://registry.npmjs.org/@babel/helper-module-transforms/-/helper-module-transforms-7.29.7.tgz 0ms (cache hit)
303 http cache @babel/helper-module-imports@https://registry.npmjs.org/@babel/helper-module-imports/-/helper-module-imports-7.29.7.tgz 0ms (cache hit)
304 http cache @babel/helper-globals@https://registry.npmjs.org/@babel/helper-globals/-/helper-globals-7.29.7.tgz 0ms (cache hit)
305 http cache @babel/helper-member-expression-to-functions@https://registry.npmjs.org/@babel/helper-member-expression-to-functions/-/helper-member-expression-to-functions-7.29.7.tgz 0ms (cache hit)
306 http cache @babel/helper-create-class-features-plugin@https://registry.npmjs.org/@babel/helper-create-class-features-plugin/-/helper-create-class-features-plugin-7.29.7.tgz 0ms (cache hit)
307 http cache @babel/helper-annotate-as-pure@https://registry.npmjs.org/@babel/helper-annotate-as-pure/-/helper-annotate-as-pure-7.29.7.tgz 0ms (cache hit)
308 http cache @babel/helper-compilation-targets@https://registry.npmjs.org/@babel/helper-compilation-targets/-/helper-compilation-targets-7.29.7.tgz 0ms (cache hit)
309 http cache @babel/core@https://registry.npmjs.org/@babel/core/-/core-7.29.7.tgz 0ms (cache hit)
310 http cache @babel/generator@https://registry.npmjs.org/@babel/generator/-/generator-7.29.8.tgz 0ms (cache hit)
311 http cache @babel/code-frame@https://registry.npmjs.org/@babel/code-frame/-/code-frame-7.29.7.tgz 0ms (cache hit)
312 http cache @babel/compat-data@https://registry.npmjs.org/@babel/compat-data/-/compat-data-7.29.7.tgz 0ms (cache hit)
313 http cache yaml@https://registry.npmjs.org/yaml/-/yaml-2.9.0.tgz 0ms (cache hit)
314 http cache wsl-utils@https://registry.npmjs.org/wsl-utils/-/wsl-utils-0.3.1.tgz 0ms (cache hit)
315 http cache vue-router@https://registry.npmjs.org/vue-router/-/vue-router-5.2.0.tgz 0ms (cache hit)
316 http cache vue-eslint-parser@https://registry.npmjs.org/vue-eslint-parser/-/vue-eslint-parser-10.4.1.tgz 0ms (cache hit)
317 http cache vue@https://registry.npmjs.org/vue/-/vue-3.5.41.tgz 0ms (cache hit)
318 http cache vite-plugin-vue-inspector@https://registry.npmjs.org/vite-plugin-vue-inspector/-/vite-plugin-vue-inspector-6.0.0.tgz 0ms (cache hit)
319 http cache vite-plugin-inspect@https://registry.npmjs.org/vite-plugin-inspect/-/vite-plugin-inspect-11.4.1.tgz 0ms (cache hit)
320 http cache vite-plugin-vue-devtools@https://registry.npmjs.org/vite-plugin-vue-devtools/-/vite-plugin-vue-devtools-8.2.1.tgz 0ms (cache hit)
321 http cache vite-hot-client@https://registry.npmjs.org/vite-hot-client/-/vite-hot-client-2.2.0.tgz 0ms (cache hit)
322 http cache vite-dev-rpc@https://registry.npmjs.org/vite-dev-rpc/-/vite-dev-rpc-2.0.0.tgz 0ms (cache hit)
323 http cache update-browserslist-db@https://registry.npmjs.org/update-browserslist-db/-/update-browserslist-db-1.3.1.tgz 0ms (cache hit)
324 http cache vite@https://registry.npmjs.org/vite/-/vite-8.2.1.tgz 1ms (cache hit)
325 http cache unplugin-utils@https://registry.npmjs.org/unplugin-utils/-/unplugin-utils-0.3.2.tgz 0ms (cache hit)
326 http cache unplugin@https://registry.npmjs.org/unplugin/-/unplugin-3.3.0.tgz 0ms (cache hit)
327 http cache semver@https://registry.npmjs.org/semver/-/semver-7.8.5.tgz 0ms (cache hit)
328 http cache shell-quote@https://registry.npmjs.org/shell-quote/-/shell-quote-1.10.0.tgz 0ms (cache hit)
329 http cache rolldown@https://registry.npmjs.org/rolldown/-/rolldown-1.2.3.tgz 0ms (cache hit)
330 http cache readdirp@https://registry.npmjs.org/readdirp/-/readdirp-5.1.1.tgz 0ms (cache hit)
331 http cache read-package-json-fast@https://registry.npmjs.org/read-package-json-fast/-/read-package-json-fast-6.0.0.tgz 1ms (cache hit)
332 http cache prettier@https://registry.npmjs.org/prettier/-/prettier-3.9.5.tgz 0ms (cache hit)
333 http cache powershell-utils@https://registry.npmjs.org/powershell-utils/-/powershell-utils-0.1.0.tgz 0ms (cache hit)
334 http cache postcss-selector-parser@https://registry.npmjs.org/postcss-selector-parser/-/postcss-selector-parser-7.1.5.tgz 0ms (cache hit)
335 http cache picomatch@https://registry.npmjs.org/picomatch/-/picomatch-4.0.5.tgz 0ms (cache hit)
336 http cache pidtree@https://registry.npmjs.org/pidtree/-/pidtree-1.0.0.tgz 0ms (cache hit)
337 http cache oxlint@https://registry.npmjs.org/oxlint/-/oxlint-1.73.0.tgz 0ms (cache hit)
338 http cache open@https://registry.npmjs.org/open/-/open-11.0.0.tgz 0ms (cache hit)
339 http cache obug@https://registry.npmjs.org/obug/-/obug-2.1.4.tgz 0ms (cache hit)
340 http cache npm-run-all2@https://registry.npmjs.org/npm-run-all2/-/npm-run-all2-9.0.3.tgz 0ms (cache hit)
341 http cache npm-normalize-package-bin@https://registry.npmjs.org/npm-normalize-package-bin/-/npm-normalize-package-bin-6.0.0.tgz 0ms (cache hit)
342 http cache node-releases@https://registry.npmjs.org/node-releases/-/node-releases-2.0.53.tgz 0ms (cache hit)
343 http cache minimatch@https://registry.npmjs.org/minimatch/-/minimatch-10.2.6.tgz 0ms (cache hit)
344 http cache local-pkg@https://registry.npmjs.org/local-pkg/-/local-pkg-1.2.1.tgz 0ms (cache hit)
345 http cache nostics@https://registry.npmjs.org/nostics/-/nostics-1.2.0.tgz 0ms (cache hit)
346 http cache is-in-ssh@https://registry.npmjs.org/is-in-ssh/-/is-in-ssh-1.0.0.tgz 0ms (cache hit)
347 http cache globals@https://registry.npmjs.org/globals/-/globals-17.9.0.tgz 0ms (cache hit)
348 http cache json-parse-even-better-errors@https://registry.npmjs.org/json-parse-even-better-errors/-/json-parse-even-better-errors-6.0.0.tgz 0ms (cache hit)
349 http cache flatted@https://registry.npmjs.org/flatted/-/flatted-3.4.4.tgz 0ms (cache hit)
350 http cache exsolve@https://registry.npmjs.org/exsolve/-/exsolve-1.1.1.tgz 0ms (cache hit)
351 http cache eslint-plugin-oxlint@https://registry.npmjs.org/eslint-plugin-oxlint/-/eslint-plugin-oxlint-1.73.0.tgz 0ms (cache hit)
352 http cache eslint-plugin-vue@https://registry.npmjs.org/eslint-plugin-vue/-/eslint-plugin-vue-10.9.2.tgz 0ms (cache hit)
353 http cache eslint@https://registry.npmjs.org/eslint/-/eslint-10.8.1.tgz 0ms (cache hit)
354 http cache electron-to-chromium@https://registry.npmjs.org/electron-to-chromium/-/electron-to-chromium-1.5.404.tgz 0ms (cache hit)
355 http cache caniuse-lite@https://registry.npmjs.org/caniuse-lite/-/caniuse-lite-1.0.30001809.tgz 0ms (cache hit)
356 http cache browserslist@https://registry.npmjs.org/browserslist/-/browserslist-4.28.8.tgz 0ms (cache hit)
357 http cache brace-expansion@https://registry.npmjs.org/brace-expansion/-/brace-expansion-5.0.9.tgz 0ms (cache hit)
358 http cache bootstrap@https://registry.npmjs.org/bootstrap/-/bootstrap-5.3.8.tgz 0ms (cache hit)
359 http cache baseline-browser-mapping@https://registry.npmjs.org/baseline-browser-mapping/-/baseline-browser-mapping-2.11.13.tgz 1ms (cache hit)
360 http cache ansis@https://registry.npmjs.org/ansis/-/ansis-4.3.1.tgz 0ms (cache hit)
361 http cache ansi-styles@https://registry.npmjs.org/ansi-styles/-/ansi-styles-7.0.0.tgz 0ms (cache hit)
362 http cache acorn@https://registry.npmjs.org/acorn/-/acorn-8.18.0.tgz 0ms (cache hit)
363 http cache semver@https://registry.npmjs.org/semver/-/semver-6.3.1.tgz 0ms (cache hit)
364 http cache semver@https://registry.npmjs.org/semver/-/semver-6.3.1.tgz 0ms (cache hit)
365 http cache semver@https://registry.npmjs.org/semver/-/semver-6.3.1.tgz 0ms (cache hit)
366 http cache @babel/types@https://registry.npmjs.org/@babel/types/-/types-8.0.4.tgz 0ms (cache hit)
367 http cache @babel/helper-validator-identifier@https://registry.npmjs.org/@babel/helper-validator-identifier/-/helper-validator-identifier-8.0.4.tgz 0ms (cache hit)
368 http cache @babel/parser@https://registry.npmjs.org/@babel/parser/-/parser-8.0.4.tgz 0ms (cache hit)
369 http cache @babel/helper-string-parser@https://registry.npmjs.org/@babel/helper-string-parser/-/helper-string-parser-8.0.0.tgz 0ms (cache hit)
370 http cache @babel/generator@https://registry.npmjs.org/@babel/generator/-/generator-8.0.0.tgz 0ms (cache hit)
371 http cache birpc@https://registry.npmjs.org/birpc/-/birpc-4.1.0.tgz 0ms (cache hit)
372 http cache ast-walker-scope@https://registry.npmjs.org/ast-walker-scope/-/ast-walker-scope-0.9.0.tgz 0ms (cache hit)
373 http cache which@https://registry.npmjs.org/which/-/which-7.0.0.tgz 0ms (cache hit)
374 silly tarball no local data for @babel/parser@https://registry.npmjs.org/@babel/parser/-/parser-7.29.8.tgz. Extracting by manifest.
375 silly tarball no local data for which@https://registry.npmjs.org/which/-/which-2.0.2.tgz. Extracting by manifest.
376 silly tarball no local data for nanoid@https://registry.npmjs.org/nanoid/-/nanoid-3.3.18.tgz. Extracting by manifest.
377 http cache isexe@https://registry.npmjs.org/isexe/-/isexe-4.0.0.tgz 0ms (cache hit)
378 silly tarball no local data for json5@https://registry.npmjs.org/json5/-/json5-2.2.3.tgz. Extracting by manifest.
379 silly tarball no local data for jsesc@https://registry.npmjs.org/jsesc/-/jsesc-3.1.0.tgz. Extracting by manifest.
380 silly tarball no local data for is-docker@https://registry.npmjs.org/is-docker/-/is-docker-3.0.0.tgz. Extracting by manifest.
381 silly tarball no local data for eslint-config-prettier@https://registry.npmjs.org/eslint-config-prettier/-/eslint-config-prettier-10.1.8.tgz. Extracting by manifest.
382 silly tarball no local data for is-inside-container@https://registry.npmjs.org/is-inside-container/-/is-inside-container-1.0.0.tgz. Extracting by manifest.
383 silly tarball no local data for @vue-macros/common@https://registry.npmjs.org/@vue-macros/common/-/common-3.1.4.tgz. Extracting by manifest.
384 silly tarball no local data for @vue/shared@https://registry.npmjs.org/@vue/shared/-/shared-3.5.41.tgz. Extracting by manifest.
385 silly tarball no local data for cssesc@https://registry.npmjs.org/cssesc/-/cssesc-3.0.0.tgz. Extracting by manifest.
386 silly tarball no local data for @vue/server-renderer@https://registry.npmjs.org/@vue/server-renderer/-/server-renderer-3.5.41.tgz. Extracting by manifest.
387 silly tarball no local data for @vue/runtime-dom@https://registry.npmjs.org/@vue/runtime-dom/-/runtime-dom-3.5.41.tgz. Extracting by manifest.
388 silly tarball no local data for @vue/reactivity@https://registry.npmjs.org/@vue/reactivity/-/reactivity-3.5.41.tgz. Extracting by manifest.
389 silly tarball no local data for @vue/runtime-core@https://registry.npmjs.org/@vue/runtime-core/-/runtime-core-3.5.41.tgz. Extracting by manifest.
390 silly tarball no local data for @vue/devtools-shared@https://registry.npmjs.org/@vue/devtools-shared/-/devtools-shared-8.2.1.tgz. Extracting by manifest.
391 silly tarball no local data for @vue/devtools-kit@https://registry.npmjs.org/@vue/devtools-kit/-/devtools-kit-8.2.1.tgz. Extracting by manifest.
392 silly tarball no local data for @vue/devtools-core@https://registry.npmjs.org/@vue/devtools-core/-/devtools-core-8.2.1.tgz. Extracting by manifest.
393 silly tarball no local data for @vue/devtools-api@https://registry.npmjs.org/@vue/devtools-api/-/devtools-api-8.2.1.tgz. Extracting by manifest.
394 silly tarball no local data for @vue/compiler-sfc@https://registry.npmjs.org/@vue/compiler-sfc/-/compiler-sfc-3.5.41.tgz. Extracting by manifest.
395 silly tarball no local data for @vue/compiler-ssr@https://registry.npmjs.org/@vue/compiler-ssr/-/compiler-ssr-3.5.41.tgz. Extracting by manifest.
396 silly tarball no local data for @vue/compiler-dom@https://registry.npmjs.org/@vue/compiler-dom/-/compiler-dom-3.5.41.tgz. Extracting by manifest.
397 silly tarball no local data for @vue/compiler-core@https://registry.npmjs.org/@vue/compiler-core/-/compiler-core-3.5.41.tgz. Extracting by manifest.
398 silly tarball no local data for @rolldown/binding-win32-x64-msvc@https://registry.npmjs.org/@rolldown/binding-win32-x64-msvc/-/binding-win32-x64-msvc-1.2.3.tgz. Extracting by manifest.
399 silly tarball no local data for @popperjs/core@https://registry.npmjs.org/@popperjs/core/-/core-2.11.8.tgz. Extracting by manifest.
400 silly tarball no local data for @oxc-project/types@https://registry.npmjs.org/@oxc-project/types/-/types-0.143.0.tgz. Extracting by manifest.
401 silly tarball no local data for @oxlint/binding-win32-x64-msvc@https://registry.npmjs.org/@oxlint/binding-win32-x64-msvc/-/binding-win32-x64-msvc-1.73.0.tgz. Extracting by manifest.
402 silly tarball no local data for @eslint-community/eslint-utils@https://registry.npmjs.org/@eslint-community/eslint-utils/-/eslint-utils-4.10.1.tgz. Extracting by manifest.
403 silly tarball no local data for @types/estree@https://registry.npmjs.org/@types/estree/-/estree-1.0.9.tgz. Extracting by manifest.
404 silly tarball no local data for @types/jsesc@https://registry.npmjs.org/@types/jsesc/-/jsesc-2.5.1.tgz. Extracting by manifest.
405 silly tarball no local data for @eslint/config-helpers@https://registry.npmjs.org/@eslint/config-helpers/-/config-helpers-0.7.0.tgz. Extracting by manifest.
406 silly tarball no local data for @eslint/plugin-kit@https://registry.npmjs.org/@eslint/plugin-kit/-/plugin-kit-0.7.2.tgz. Extracting by manifest.
407 silly tarball no local data for @babel/template@https://registry.npmjs.org/@babel/template/-/template-7.29.7.tgz. Extracting by manifest.
408 silly tarball no local data for @babel/traverse@https://registry.npmjs.org/@babel/traverse/-/traverse-7.29.8.tgz. Extracting by manifest.
409 silly tarball no local data for @babel/plugin-transform-typescript@https://registry.npmjs.org/@babel/plugin-transform-typescript/-/plugin-transform-typescript-7.29.7.tgz. Extracting by manifest.
410 silly tarball no local data for @babel/plugin-syntax-typescript@https://registry.npmjs.org/@babel/plugin-syntax-typescript/-/plugin-syntax-typescript-7.29.7.tgz. Extracting by manifest.
411 silly tarball no local data for @babel/plugin-syntax-jsx@https://registry.npmjs.org/@babel/plugin-syntax-jsx/-/plugin-syntax-jsx-7.29.7.tgz. Extracting by manifest.
412 silly tarball no local data for @babel/plugin-syntax-import-attributes@https://registry.npmjs.org/@babel/plugin-syntax-import-attributes/-/plugin-syntax-import-attributes-7.29.7.tgz. Extracting by manifest.
413 silly tarball no local data for @babel/plugin-syntax-decorators@https://registry.npmjs.org/@babel/plugin-syntax-decorators/-/plugin-syntax-decorators-7.29.7.tgz. Extracting by manifest.
414 silly tarball no local data for @babel/plugin-proposal-decorators@https://registry.npmjs.org/@babel/plugin-proposal-decorators/-/plugin-proposal-decorators-7.29.7.tgz. Extracting by manifest.
415 silly tarball no local data for @babel/helpers@https://registry.npmjs.org/@babel/helpers/-/helpers-7.29.7.tgz. Extracting by manifest.
416 silly tarball no local data for @babel/helper-validator-option@https://registry.npmjs.org/@babel/helper-validator-option/-/helper-validator-option-7.29.7.tgz. Extracting by manifest.
417 silly tarball no local data for @babel/helper-skip-transparent-expression-wrappers@https://registry.npmjs.org/@babel/helper-skip-transparent-expression-wrappers/-/helper-skip-transparent-expression-wrappers-7.29.7.tgz. Extracting by manifest.
418 silly tarball no local data for @babel/helper-plugin-utils@https://registry.npmjs.org/@babel/helper-plugin-utils/-/helper-plugin-utils-7.29.7.tgz. Extracting by manifest.
419 silly tarball no local data for @babel/helper-replace-supers@https://registry.npmjs.org/@babel/helper-replace-supers/-/helper-replace-supers-7.29.7.tgz. Extracting by manifest.
420 silly tarball no local data for @babel/helper-optimise-call-expression@https://registry.npmjs.org/@babel/helper-optimise-call-expression/-/helper-optimise-call-expression-7.29.7.tgz. Extracting by manifest.
421 silly tarball no local data for @babel/helper-module-transforms@https://registry.npmjs.org/@babel/helper-module-transforms/-/helper-module-transforms-7.29.7.tgz. Extracting by manifest.
422 silly tarball no local data for @babel/helper-module-imports@https://registry.npmjs.org/@babel/helper-module-imports/-/helper-module-imports-7.29.7.tgz. Extracting by manifest.
423 silly tarball no local data for @babel/helper-globals@https://registry.npmjs.org/@babel/helper-globals/-/helper-globals-7.29.7.tgz. Extracting by manifest.
424 silly tarball no local data for @babel/helper-member-expression-to-functions@https://registry.npmjs.org/@babel/helper-member-expression-to-functions/-/helper-member-expression-to-functions-7.29.7.tgz. Extracting by manifest.
425 silly tarball no local data for @babel/helper-create-class-features-plugin@https://registry.npmjs.org/@babel/helper-create-class-features-plugin/-/helper-create-class-features-plugin-7.29.7.tgz. Extracting by manifest.
426 silly tarball no local data for @babel/helper-annotate-as-pure@https://registry.npmjs.org/@babel/helper-annotate-as-pure/-/helper-annotate-as-pure-7.29.7.tgz. Extracting by manifest.
427 silly tarball no local data for @babel/helper-compilation-targets@https://registry.npmjs.org/@babel/helper-compilation-targets/-/helper-compilation-targets-7.29.7.tgz. Extracting by manifest.
428 silly tarball no local data for @babel/core@https://registry.npmjs.org/@babel/core/-/core-7.29.7.tgz. Extracting by manifest.
429 silly tarball no local data for @babel/generator@https://registry.npmjs.org/@babel/generator/-/generator-7.29.8.tgz. Extracting by manifest.
430 silly tarball no local data for @babel/code-frame@https://registry.npmjs.org/@babel/code-frame/-/code-frame-7.29.7.tgz. Extracting by manifest.
431 silly tarball no local data for @babel/compat-data@https://registry.npmjs.org/@babel/compat-data/-/compat-data-7.29.7.tgz. Extracting by manifest.
432 silly tarball no local data for yaml@https://registry.npmjs.org/yaml/-/yaml-2.9.0.tgz. Extracting by manifest.
433 silly tarball no local data for wsl-utils@https://registry.npmjs.org/wsl-utils/-/wsl-utils-0.3.1.tgz. Extracting by manifest.
434 silly tarball no local data for vue-router@https://registry.npmjs.org/vue-router/-/vue-router-5.2.0.tgz. Extracting by manifest.
435 silly tarball no local data for vue-eslint-parser@https://registry.npmjs.org/vue-eslint-parser/-/vue-eslint-parser-10.4.1.tgz. Extracting by manifest.
436 silly tarball no local data for vue@https://registry.npmjs.org/vue/-/vue-3.5.41.tgz. Extracting by manifest.
437 silly tarball no local data for vite-plugin-vue-inspector@https://registry.npmjs.org/vite-plugin-vue-inspector/-/vite-plugin-vue-inspector-6.0.0.tgz. Extracting by manifest.
438 silly tarball no local data for vite-plugin-inspect@https://registry.npmjs.org/vite-plugin-inspect/-/vite-plugin-inspect-11.4.1.tgz. Extracting by manifest.
439 silly tarball no local data for vite-plugin-vue-devtools@https://registry.npmjs.org/vite-plugin-vue-devtools/-/vite-plugin-vue-devtools-8.2.1.tgz. Extracting by manifest.
440 silly tarball no local data for vite-hot-client@https://registry.npmjs.org/vite-hot-client/-/vite-hot-client-2.2.0.tgz. Extracting by manifest.
441 silly tarball no local data for vite-dev-rpc@https://registry.npmjs.org/vite-dev-rpc/-/vite-dev-rpc-2.0.0.tgz. Extracting by manifest.
442 silly tarball no local data for update-browserslist-db@https://registry.npmjs.org/update-browserslist-db/-/update-browserslist-db-1.3.1.tgz. Extracting by manifest.
443 silly tarball no local data for vite@https://registry.npmjs.org/vite/-/vite-8.2.1.tgz. Extracting by manifest.
444 silly tarball no local data for unplugin-utils@https://registry.npmjs.org/unplugin-utils/-/unplugin-utils-0.3.2.tgz. Extracting by manifest.
445 silly tarball no local data for unplugin@https://registry.npmjs.org/unplugin/-/unplugin-3.3.0.tgz. Extracting by manifest.
446 silly tarball no local data for semver@https://registry.npmjs.org/semver/-/semver-7.8.5.tgz. Extracting by manifest.
447 silly tarball no local data for shell-quote@https://registry.npmjs.org/shell-quote/-/shell-quote-1.10.0.tgz. Extracting by manifest.
448 silly tarball no local data for rolldown@https://registry.npmjs.org/rolldown/-/rolldown-1.2.3.tgz. Extracting by manifest.
449 silly tarball no local data for readdirp@https://registry.npmjs.org/readdirp/-/readdirp-5.1.1.tgz. Extracting by manifest.
450 silly tarball no local data for read-package-json-fast@https://registry.npmjs.org/read-package-json-fast/-/read-package-json-fast-6.0.0.tgz. Extracting by manifest.
451 silly tarball no local data for prettier@https://registry.npmjs.org/prettier/-/prettier-3.9.5.tgz. Extracting by manifest.
452 silly tarball no local data for powershell-utils@https://registry.npmjs.org/powershell-utils/-/powershell-utils-0.1.0.tgz. Extracting by manifest.
453 silly tarball no local data for postcss-selector-parser@https://registry.npmjs.org/postcss-selector-parser/-/postcss-selector-parser-7.1.5.tgz. Extracting by manifest.
454 silly tarball no local data for picomatch@https://registry.npmjs.org/picomatch/-/picomatch-4.0.5.tgz. Extracting by manifest.
455 silly tarball no local data for pidtree@https://registry.npmjs.org/pidtree/-/pidtree-1.0.0.tgz. Extracting by manifest.
456 silly tarball no local data for oxlint@https://registry.npmjs.org/oxlint/-/oxlint-1.73.0.tgz. Extracting by manifest.
457 silly tarball no local data for open@https://registry.npmjs.org/open/-/open-11.0.0.tgz. Extracting by manifest.
458 silly tarball no local data for obug@https://registry.npmjs.org/obug/-/obug-2.1.4.tgz. Extracting by manifest.
459 silly tarball no local data for npm-run-all2@https://registry.npmjs.org/npm-run-all2/-/npm-run-all2-9.0.3.tgz. Extracting by manifest.
460 silly tarball no local data for npm-normalize-package-bin@https://registry.npmjs.org/npm-normalize-package-bin/-/npm-normalize-package-bin-6.0.0.tgz. Extracting by manifest.
461 silly tarball no local data for node-releases@https://registry.npmjs.org/node-releases/-/node-releases-2.0.53.tgz. Extracting by manifest.
462 silly tarball no local data for minimatch@https://registry.npmjs.org/minimatch/-/minimatch-10.2.6.tgz. Extracting by manifest.
463 silly tarball no local data for local-pkg@https://registry.npmjs.org/local-pkg/-/local-pkg-1.2.1.tgz. Extracting by manifest.
464 silly tarball no local data for nostics@https://registry.npmjs.org/nostics/-/nostics-1.2.0.tgz. Extracting by manifest.
465 silly tarball no local data for is-in-ssh@https://registry.npmjs.org/is-in-ssh/-/is-in-ssh-1.0.0.tgz. Extracting by manifest.
466 silly tarball no local data for globals@https://registry.npmjs.org/globals/-/globals-17.9.0.tgz. Extracting by manifest.
467 silly tarball no local data for json-parse-even-better-errors@https://registry.npmjs.org/json-parse-even-better-errors/-/json-parse-even-better-errors-6.0.0.tgz. Extracting by manifest.
468 silly tarball no local data for flatted@https://registry.npmjs.org/flatted/-/flatted-3.4.4.tgz. Extracting by manifest.
469 silly tarball no local data for exsolve@https://registry.npmjs.org/exsolve/-/exsolve-1.1.1.tgz. Extracting by manifest.
470 silly tarball no local data for eslint-plugin-oxlint@https://registry.npmjs.org/eslint-plugin-oxlint/-/eslint-plugin-oxlint-1.73.0.tgz. Extracting by manifest.
471 silly tarball no local data for eslint-plugin-vue@https://registry.npmjs.org/eslint-plugin-vue/-/eslint-plugin-vue-10.9.2.tgz. Extracting by manifest.
472 silly tarball no local data for eslint@https://registry.npmjs.org/eslint/-/eslint-10.8.1.tgz. Extracting by manifest.
473 silly tarball no local data for electron-to-chromium@https://registry.npmjs.org/electron-to-chromium/-/electron-to-chromium-1.5.404.tgz. Extracting by manifest.
474 silly tarball no local data for caniuse-lite@https://registry.npmjs.org/caniuse-lite/-/caniuse-lite-1.0.30001809.tgz. Extracting by manifest.
475 silly tarball no local data for browserslist@https://registry.npmjs.org/browserslist/-/browserslist-4.28.8.tgz. Extracting by manifest.
476 silly tarball no local data for brace-expansion@https://registry.npmjs.org/brace-expansion/-/brace-expansion-5.0.9.tgz. Extracting by manifest.
477 silly tarball no local data for bootstrap@https://registry.npmjs.org/bootstrap/-/bootstrap-5.3.8.tgz. Extracting by manifest.
478 silly tarball no local data for baseline-browser-mapping@https://registry.npmjs.org/baseline-browser-mapping/-/baseline-browser-mapping-2.11.13.tgz. Extracting by manifest.
479 silly tarball no local data for ansis@https://registry.npmjs.org/ansis/-/ansis-4.3.1.tgz. Extracting by manifest.
480 silly tarball no local data for ansi-styles@https://registry.npmjs.org/ansi-styles/-/ansi-styles-7.0.0.tgz. Extracting by manifest.
481 silly tarball no local data for acorn@https://registry.npmjs.org/acorn/-/acorn-8.18.0.tgz. Extracting by manifest.
482 silly tarball no local data for semver@https://registry.npmjs.org/semver/-/semver-6.3.1.tgz. Extracting by manifest.
483 silly tarball no local data for semver@https://registry.npmjs.org/semver/-/semver-6.3.1.tgz. Extracting by manifest.
484 silly tarball no local data for semver@https://registry.npmjs.org/semver/-/semver-6.3.1.tgz. Extracting by manifest.
485 silly tarball no local data for @babel/types@https://registry.npmjs.org/@babel/types/-/types-8.0.4.tgz. Extracting by manifest.
486 silly tarball no local data for @babel/helper-validator-identifier@https://registry.npmjs.org/@babel/helper-validator-identifier/-/helper-validator-identifier-8.0.4.tgz. Extracting by manifest.
487 silly tarball no local data for @babel/parser@https://registry.npmjs.org/@babel/parser/-/parser-8.0.4.tgz. Extracting by manifest.
488 silly tarball no local data for @babel/helper-string-parser@https://registry.npmjs.org/@babel/helper-string-parser/-/helper-string-parser-8.0.0.tgz. Extracting by manifest.
489 silly tarball no local data for @babel/generator@https://registry.npmjs.org/@babel/generator/-/generator-8.0.0.tgz. Extracting by manifest.
490 silly tarball no local data for birpc@https://registry.npmjs.org/birpc/-/birpc-4.1.0.tgz. Extracting by manifest.
491 silly tarball no local data for ast-walker-scope@https://registry.npmjs.org/ast-walker-scope/-/ast-walker-scope-0.9.0.tgz. Extracting by manifest.
492 silly tarball no local data for which@https://registry.npmjs.org/which/-/which-7.0.0.tgz. Extracting by manifest.
493 silly tarball no local data for isexe@https://registry.npmjs.org/isexe/-/isexe-4.0.0.tgz. Extracting by manifest.
494 http fetch POST 200 https://registry.npmjs.org/-/npm/v1/security/advisories/bulk 472ms
495 silly audit report {}
496 http fetch GET 200 https://registry.npmjs.org/which/-/which-2.0.2.tgz 1134ms (cache miss)
497 http fetch GET 200 https://registry.npmjs.org/is-docker/-/is-docker-3.0.0.tgz 1146ms (cache miss)
498 http fetch GET 200 https://registry.npmjs.org/is-inside-container/-/is-inside-container-1.0.0.tgz 1182ms (cache miss)
499 http fetch GET 200 https://registry.npmjs.org/@vue-macros/common/-/common-3.1.4.tgz 1249ms (cache miss)
500 http fetch GET 200 https://registry.npmjs.org/@vue/devtools-shared/-/devtools-shared-8.2.1.tgz 1669ms (cache miss)
501 http fetch GET 200 https://registry.npmjs.org/jsesc/-/jsesc-3.1.0.tgz 1818ms (cache miss)
502 http fetch GET 200 https://registry.npmjs.org/cssesc/-/cssesc-3.0.0.tgz 1814ms (cache miss)
503 http fetch GET 200 https://registry.npmjs.org/@vue/compiler-ssr/-/compiler-ssr-3.5.41.tgz 1845ms (cache miss)
504 http fetch GET 200 https://registry.npmjs.org/eslint-config-prettier/-/eslint-config-prettier-10.1.8.tgz 2058ms (cache miss)
505 http fetch GET 200 https://registry.npmjs.org/@vue/devtools-core/-/devtools-core-8.2.1.tgz 2062ms (cache miss)
506 http fetch GET 200 https://registry.npmjs.org/@oxc-project/types/-/types-0.143.0.tgz 2260ms (cache miss)
507 http fetch GET 200 https://registry.npmjs.org/@vue/shared/-/shared-3.5.41.tgz 2330ms (cache miss)
508 http fetch GET 200 https://registry.npmjs.org/@types/jsesc/-/jsesc-2.5.1.tgz 2329ms (cache miss)
509 http fetch GET 200 https://registry.npmjs.org/@types/estree/-/estree-1.0.9.tgz 2331ms (cache miss)
510 http fetch GET 200 https://registry.npmjs.org/@babel/plugin-syntax-typescript/-/plugin-syntax-typescript-7.29.7.tgz 3576ms (cache miss)
511 http fetch GET 200 https://registry.npmjs.org/@vue/devtools-api/-/devtools-api-8.2.1.tgz 3734ms (cache miss)
512 http fetch GET 200 https://registry.npmjs.org/@babel/plugin-syntax-jsx/-/plugin-syntax-jsx-7.29.7.tgz 3927ms (cache miss)
513 http fetch GET 200 https://registry.npmjs.org/@eslint/config-helpers/-/config-helpers-0.7.0.tgz 4368ms (cache miss)
514 http fetch GET 200 https://registry.npmjs.org/@babel/plugin-syntax-import-attributes/-/plugin-syntax-import-attributes-7.29.7.tgz 4375ms (cache miss)
515 http fetch GET 200 https://registry.npmjs.org/@babel/plugin-syntax-decorators/-/plugin-syntax-decorators-7.29.7.tgz 4433ms (cache miss)
516 http fetch GET 200 https://registry.npmjs.org/@babel/helper-module-imports/-/helper-module-imports-7.29.7.tgz 4474ms (cache miss)
517 http fetch GET 200 https://registry.npmjs.org/@babel/helper-plugin-utils/-/helper-plugin-utils-7.29.7.tgz 4523ms (cache miss)
518 http fetch GET 200 https://registry.npmjs.org/@babel/helper-skip-transparent-expression-wrappers/-/helper-skip-transparent-expression-wrappers-7.29.7.tgz 4563ms (cache miss)
519 http fetch GET 200 https://registry.npmjs.org/@babel/helper-optimise-call-expression/-/helper-optimise-call-expression-7.29.7.tgz 4564ms (cache miss)
520 http fetch GET 200 https://registry.npmjs.org/@babel/helper-replace-supers/-/helper-replace-supers-7.29.7.tgz 4597ms (cache miss)
521 http fetch GET 200 https://registry.npmjs.org/@vue/runtime-core/-/runtime-core-3.5.41.tgz 4664ms (cache miss)
522 http fetch GET 200 https://registry.npmjs.org/@babel/helper-compilation-targets/-/helper-compilation-targets-7.29.7.tgz 4704ms (cache miss)
523 http fetch GET 200 https://registry.npmjs.org/@babel/compat-data/-/compat-data-7.29.7.tgz 4764ms (cache miss)
524 http fetch GET 200 https://registry.npmjs.org/@babel/code-frame/-/code-frame-7.29.7.tgz 4767ms (cache miss)
525 http fetch GET 200 https://registry.npmjs.org/@babel/helper-annotate-as-pure/-/helper-annotate-as-pure-7.29.7.tgz 4776ms (cache miss)
526 http fetch GET 200 https://registry.npmjs.org/@vue/devtools-kit/-/devtools-kit-8.2.1.tgz 4841ms (cache miss)
527 http fetch GET 200 https://registry.npmjs.org/@babel/helper-member-expression-to-functions/-/helper-member-expression-to-functions-7.29.7.tgz 4817ms (cache miss)
528 http fetch GET 200 https://registry.npmjs.org/wsl-utils/-/wsl-utils-0.3.1.tgz 4812ms (cache miss)
529 http fetch GET 200 https://registry.npmjs.org/@babel/helper-globals/-/helper-globals-7.29.7.tgz 4876ms (cache miss)
530 http fetch GET 200 https://registry.npmjs.org/vite-hot-client/-/vite-hot-client-2.2.0.tgz 4988ms (cache miss)
531 http fetch GET 200 https://registry.npmjs.org/@babel/plugin-proposal-decorators/-/plugin-proposal-decorators-7.29.7.tgz 5053ms (cache miss)
532 http fetch GET 200 https://registry.npmjs.org/nanoid/-/nanoid-3.3.18.tgz 5177ms (cache miss)
533 http fetch GET 200 https://registry.npmjs.org/vite-dev-rpc/-/vite-dev-rpc-2.0.0.tgz 5248ms (cache miss)
534 http fetch GET 200 https://registry.npmjs.org/update-browserslist-db/-/update-browserslist-db-1.3.1.tgz 5252ms (cache miss)
535 http fetch GET 200 https://registry.npmjs.org/shell-quote/-/shell-quote-1.10.0.tgz 5290ms (cache miss)
536 http fetch GET 200 https://registry.npmjs.org/@babel/helper-validator-option/-/helper-validator-option-7.29.7.tgz 5508ms (cache miss)
537 http fetch GET 200 https://registry.npmjs.org/unplugin-utils/-/unplugin-utils-0.3.2.tgz 5497ms (cache miss)
538 http fetch GET 200 https://registry.npmjs.org/read-package-json-fast/-/read-package-json-fast-6.0.0.tgz 5562ms (cache miss)
539 http fetch GET 200 https://registry.npmjs.org/readdirp/-/readdirp-5.1.1.tgz 5584ms (cache miss)
540 http fetch GET 200 https://registry.npmjs.org/@eslint-community/eslint-utils/-/eslint-utils-4.10.1.tgz 5650ms (cache miss)
541 http fetch GET 200 https://registry.npmjs.org/json5/-/json5-2.2.3.tgz 5773ms (cache miss)
542 http fetch GET 200 https://registry.npmjs.org/@eslint/plugin-kit/-/plugin-kit-0.7.2.tgz 5755ms (cache miss)
543 http fetch GET 200 https://registry.npmjs.org/@vue/server-renderer/-/server-renderer-3.5.41.tgz 5813ms (cache miss)
544 http fetch GET 200 https://registry.npmjs.org/powershell-utils/-/powershell-utils-0.1.0.tgz 5763ms (cache miss)
545 http fetch GET 200 https://registry.npmjs.org/pidtree/-/pidtree-1.0.0.tgz 6060ms (cache miss)
546 http fetch GET 200 https://registry.npmjs.org/@vue/reactivity/-/reactivity-3.5.41.tgz 6495ms (cache miss)
547 http fetch GET 200 https://registry.npmjs.org/vite-plugin-vue-inspector/-/vite-plugin-vue-inspector-6.0.0.tgz 6486ms (cache miss)
548 http fetch GET 200 https://registry.npmjs.org/npm-normalize-package-bin/-/npm-normalize-package-bin-6.0.0.tgz 6635ms (cache miss)
549 http fetch GET 200 https://registry.npmjs.org/open/-/open-11.0.0.tgz 7064ms (cache miss)
550 http fetch GET 200 https://registry.npmjs.org/local-pkg/-/local-pkg-1.2.1.tgz 7099ms (cache miss)
551 http fetch GET 200 https://registry.npmjs.org/node-releases/-/node-releases-2.0.53.tgz 7104ms (cache miss)
552 http fetch GET 200 https://registry.npmjs.org/@babel/plugin-transform-typescript/-/plugin-transform-typescript-7.29.7.tgz 7403ms (cache miss)
553 http fetch GET 200 https://registry.npmjs.org/exsolve/-/exsolve-1.1.1.tgz 8005ms (cache miss)
554 http fetch GET 200 https://registry.npmjs.org/is-in-ssh/-/is-in-ssh-1.0.0.tgz 8147ms (cache miss)
555 http fetch GET 200 https://registry.npmjs.org/json-parse-even-better-errors/-/json-parse-even-better-errors-6.0.0.tgz 8308ms (cache miss)
556 http fetch GET 200 https://registry.npmjs.org/@vue/compiler-core/-/compiler-core-3.5.41.tgz 8619ms (cache miss)
557 http fetch GET 200 https://registry.npmjs.org/@babel/template/-/template-7.29.7.tgz 8618ms (cache miss)
558 http fetch GET 200 https://registry.npmjs.org/picomatch/-/picomatch-4.0.5.tgz 8676ms (cache miss)
559 http fetch GET 200 https://registry.npmjs.org/ansis/-/ansis-4.3.1.tgz 8662ms (cache miss)
560 http fetch GET 200 https://registry.npmjs.org/obug/-/obug-2.1.4.tgz 8762ms (cache miss)
561 http fetch GET 200 https://registry.npmjs.org/ansi-styles/-/ansi-styles-7.0.0.tgz 8799ms (cache miss)
562 http fetch GET 200 https://registry.npmjs.org/@vue/compiler-dom/-/compiler-dom-3.5.41.tgz 8981ms (cache miss)
563 http fetch GET 200 https://registry.npmjs.org/@babel/helper-string-parser/-/helper-string-parser-8.0.0.tgz 8964ms (cache miss)
564 http fetch GET 200 https://registry.npmjs.org/birpc/-/birpc-4.1.0.tgz 9078ms (cache miss)
565 http fetch GET 200 https://registry.npmjs.org/ast-walker-scope/-/ast-walker-scope-0.9.0.tgz 9079ms (cache miss)
566 http fetch GET 200 https://registry.npmjs.org/@babel/helper-module-transforms/-/helper-module-transforms-7.29.7.tgz 9242ms (cache miss)
567 http fetch GET 200 https://registry.npmjs.org/semver/-/semver-6.3.1.tgz 9233ms (cache miss)
568 http fetch GET 200 https://registry.npmjs.org/which/-/which-7.0.0.tgz 9232ms (cache miss)
569 http fetch GET 200 https://registry.npmjs.org/globals/-/globals-17.9.0.tgz 9270ms (cache miss)
570 http fetch GET 200 https://registry.npmjs.org/semver/-/semver-6.3.1.tgz 9277ms (cache miss)
571 http fetch GET 200 https://registry.npmjs.org/semver/-/semver-6.3.1.tgz 9301ms (cache miss)
572 http fetch GET 200 https://registry.npmjs.org/unplugin/-/unplugin-3.3.0.tgz 9737ms (cache miss)
573 http fetch GET 200 https://registry.npmjs.org/browserslist/-/browserslist-4.28.8.tgz 9736ms (cache miss)
574 http fetch GET 200 https://registry.npmjs.org/baseline-browser-mapping/-/baseline-browser-mapping-2.11.13.tgz 9797ms (cache miss)
575 http fetch GET 200 https://registry.npmjs.org/@babel/helper-validator-identifier/-/helper-validator-identifier-8.0.4.tgz 9793ms (cache miss)
576 http fetch GET 200 https://registry.npmjs.org/@babel/helper-create-class-features-plugin/-/helper-create-class-features-plugin-7.29.7.tgz 9893ms (cache miss)
577 http fetch GET 200 https://registry.npmjs.org/vue-eslint-parser/-/vue-eslint-parser-10.4.1.tgz 10321ms (cache miss)
578 http fetch GET 200 https://registry.npmjs.org/electron-to-chromium/-/electron-to-chromium-1.5.404.tgz 10283ms (cache miss)
579 http fetch GET 200 https://registry.npmjs.org/brace-expansion/-/brace-expansion-5.0.9.tgz 10297ms (cache miss)
580 http fetch GET 200 https://registry.npmjs.org/flatted/-/flatted-3.4.4.tgz 10527ms (cache miss)
581 http fetch GET 200 https://registry.npmjs.org/@babel/generator/-/generator-8.0.0.tgz 10764ms (cache miss)
582 http fetch GET 200 https://registry.npmjs.org/@vue/runtime-dom/-/runtime-dom-3.5.41.tgz 11122ms (cache miss)
583 http fetch GET 200 https://registry.npmjs.org/acorn/-/acorn-8.18.0.tgz 11383ms (cache miss)
584 http fetch GET 200 https://registry.npmjs.org/@babel/parser/-/parser-7.29.8.tgz 11882ms (cache miss)
585 http fetch GET 200 https://registry.npmjs.org/nostics/-/nostics-1.2.0.tgz 12414ms (cache miss)
586 http fetch GET 200 https://registry.npmjs.org/@vue/compiler-sfc/-/compiler-sfc-3.5.41.tgz 13545ms (cache miss)
587 http fetch GET 200 https://registry.npmjs.org/postcss-selector-parser/-/postcss-selector-parser-7.1.5.tgz 15092ms (cache miss)
588 http fetch GET 200 https://registry.npmjs.org/eslint-plugin-oxlint/-/eslint-plugin-oxlint-1.73.0.tgz 16033ms (cache miss)
589 http fetch GET 200 https://registry.npmjs.org/@babel/types/-/types-8.0.4.tgz 17985ms (cache miss)
590 http fetch GET 200 https://registry.npmjs.org/semver/-/semver-7.8.5.tgz 18087ms (cache miss)
591 http fetch GET 200 https://registry.npmjs.org/@babel/generator/-/generator-7.29.8.tgz 18128ms (cache miss)
592 http fetch GET 200 https://registry.npmjs.org/isexe/-/isexe-4.0.0.tgz 18061ms (cache miss)
593 http fetch GET 200 https://registry.npmjs.org/npm-run-all2/-/npm-run-all2-9.0.3.tgz 18756ms (cache miss)
594 http fetch GET 200 https://registry.npmjs.org/@babel/parser/-/parser-8.0.4.tgz 18820ms (cache miss)
595 http fetch GET 200 https://registry.npmjs.org/oxlint/-/oxlint-1.73.0.tgz 19041ms (cache miss)
596 http fetch GET 200 https://registry.npmjs.org/minimatch/-/minimatch-10.2.6.tgz 19331ms (cache miss)
597 http fetch GET 200 https://registry.npmjs.org/rolldown/-/rolldown-1.2.3.tgz 19531ms (cache miss)
598 http fetch GET 200 https://registry.npmjs.org/@babel/traverse/-/traverse-7.29.8.tgz 19971ms (cache miss)
599 http fetch GET 200 https://registry.npmjs.org/vite/-/vite-8.2.1.tgz 19982ms (cache miss)
600 http fetch GET 200 https://registry.npmjs.org/vue/-/vue-3.5.41.tgz 21017ms (cache miss)
601 http fetch GET 200 https://registry.npmjs.org/vue-router/-/vue-router-5.2.0.tgz 21339ms (cache miss)
602 http fetch GET 200 https://registry.npmjs.org/vite-plugin-inspect/-/vite-plugin-inspect-11.4.1.tgz 21340ms (cache miss)
603 http fetch GET 200 https://registry.npmjs.org/vite-plugin-vue-devtools/-/vite-plugin-vue-devtools-8.2.1.tgz 24990ms (cache miss)
604 http fetch GET 200 https://registry.npmjs.org/@babel/core/-/core-7.29.7.tgz 25005ms (cache miss)
605 http fetch GET 200 https://registry.npmjs.org/prettier/-/prettier-3.9.5.tgz 28445ms (cache miss)
606 http fetch GET 200 https://registry.npmjs.org/@oxlint/binding-win32-x64-msvc/-/binding-win32-x64-msvc-1.73.0.tgz 29076ms (cache miss)
607 http fetch GET 200 https://registry.npmjs.org/yaml/-/yaml-2.9.0.tgz 29817ms (cache miss)
608 http fetch GET 200 https://registry.npmjs.org/@babel/helpers/-/helpers-7.29.7.tgz 29950ms (cache miss)
609 http fetch GET 200 https://registry.npmjs.org/@popperjs/core/-/core-2.11.8.tgz 31027ms (cache miss)
610 http fetch GET 200 https://registry.npmjs.org/@rolldown/binding-win32-x64-msvc/-/binding-win32-x64-msvc-1.2.3.tgz 31326ms (cache miss)
611 http fetch GET 200 https://registry.npmjs.org/eslint-plugin-vue/-/eslint-plugin-vue-10.9.2.tgz 32013ms (cache miss)
612 http fetch GET 200 https://registry.npmjs.org/bootstrap/-/bootstrap-5.3.8.tgz 32284ms (cache miss)
613 http fetch GET 200 https://registry.npmjs.org/eslint/-/eslint-10.8.1.tgz 33499ms (cache miss)
614 http fetch GET 200 https://registry.npmjs.org/caniuse-lite/-/caniuse-lite-1.0.30001809.tgz 35859ms (cache miss)
615 silly CHANGE node_modules/@babel/parser
616 silly CHANGE node_modules/which
617 silly CHANGE node_modules/nanoid
618 silly CHANGE node_modules/json5
619 silly CHANGE node_modules/jsesc
620 silly CHANGE node_modules/is-inside-container
621 silly CHANGE node_modules/is-docker
622 silly CHANGE node_modules/eslint-config-prettier
623 silly CHANGE node_modules/cssesc
624 silly CHANGE node_modules/@vue-macros/common
625 silly CHANGE node_modules/@vue/shared
626 silly CHANGE node_modules/@vue/server-renderer
627 silly CHANGE node_modules/@vue/runtime-dom
628 silly CHANGE node_modules/@vue/runtime-core
629 silly CHANGE node_modules/@vue/reactivity
630 silly CHANGE node_modules/@vue/devtools-shared
631 silly CHANGE node_modules/@vue/devtools-kit
632 silly CHANGE node_modules/@vue/devtools-core
633 silly CHANGE node_modules/@vue/devtools-api
634 silly CHANGE node_modules/@vue/compiler-ssr
635 silly CHANGE node_modules/@vue/compiler-sfc
636 silly CHANGE node_modules/@vue/compiler-dom
637 silly CHANGE node_modules/@vue/compiler-core
638 silly CHANGE node_modules/@types/jsesc
639 silly CHANGE node_modules/@types/estree
640 silly CHANGE node_modules/@rolldown/binding-win32-x64-msvc
641 silly CHANGE node_modules/@rolldown/binding-win32-arm64-msvc
642 silly CHANGE node_modules/@rolldown/binding-openharmony-arm64
643 silly CHANGE node_modules/@rolldown/binding-linux-x64-musl
644 silly CHANGE node_modules/@rolldown/binding-linux-x64-gnu
645 silly CHANGE node_modules/@rolldown/binding-linux-s390x-gnu
646 silly CHANGE node_modules/@rolldown/binding-linux-ppc64-gnu
647 silly CHANGE node_modules/@rolldown/binding-linux-arm64-musl
648 silly CHANGE node_modules/@rolldown/binding-linux-arm64-gnu
649 silly CHANGE node_modules/@rolldown/binding-linux-arm-gnueabihf
650 silly CHANGE node_modules/@rolldown/binding-freebsd-x64
651 silly CHANGE node_modules/@rolldown/binding-darwin-x64
652 silly CHANGE node_modules/@rolldown/binding-darwin-arm64
653 silly CHANGE node_modules/@rolldown/binding-android-arm64
654 silly CHANGE node_modules/@popperjs/core
655 silly CHANGE node_modules/@oxlint/binding-win32-x64-msvc
656 silly CHANGE node_modules/@oxlint/binding-win32-ia32-msvc
657 silly CHANGE node_modules/@oxlint/binding-win32-arm64-msvc
658 silly CHANGE node_modules/@oxlint/binding-openharmony-arm64
659 silly CHANGE node_modules/@oxlint/binding-linux-x64-musl
660 silly CHANGE node_modules/@oxlint/binding-linux-x64-gnu
661 silly CHANGE node_modules/@oxlint/binding-linux-s390x-gnu
662 silly CHANGE node_modules/@oxlint/binding-linux-riscv64-musl
663 silly CHANGE node_modules/@oxlint/binding-linux-riscv64-gnu
664 silly CHANGE node_modules/@oxlint/binding-linux-ppc64-gnu
665 silly CHANGE node_modules/@oxlint/binding-linux-arm64-musl
666 silly CHANGE node_modules/@oxlint/binding-linux-arm64-gnu
667 silly CHANGE node_modules/@oxlint/binding-linux-arm-musleabihf
668 silly CHANGE node_modules/@oxlint/binding-linux-arm-gnueabihf
669 silly CHANGE node_modules/@oxlint/binding-freebsd-x64
670 silly CHANGE node_modules/@oxlint/binding-darwin-x64
671 silly CHANGE node_modules/@oxlint/binding-darwin-arm64
672 silly CHANGE node_modules/@oxlint/binding-android-arm64
673 silly CHANGE node_modules/@oxlint/binding-android-arm-eabi
674 silly CHANGE node_modules/@oxc-project/types
675 silly CHANGE node_modules/@eslint-community/eslint-utils
676 silly CHANGE node_modules/@eslint/plugin-kit
677 silly CHANGE node_modules/@eslint/config-helpers
678 silly CHANGE node_modules/@babel/traverse
679 silly CHANGE node_modules/@babel/template
680 silly CHANGE node_modules/@babel/plugin-transform-typescript
681 silly CHANGE node_modules/@babel/plugin-syntax-typescript
682 silly CHANGE node_modules/@babel/plugin-syntax-jsx
683 silly CHANGE node_modules/@babel/plugin-syntax-import-attributes
684 silly CHANGE node_modules/@babel/plugin-syntax-decorators
685 silly CHANGE node_modules/@babel/plugin-proposal-decorators
686 silly CHANGE node_modules/@babel/helpers
687 silly CHANGE node_modules/@babel/helper-validator-option
688 silly CHANGE node_modules/@babel/helper-skip-transparent-expression-wrappers
689 silly CHANGE node_modules/@babel/helper-replace-supers
690 silly CHANGE node_modules/@babel/helper-plugin-utils
691 silly CHANGE node_modules/@babel/helper-optimise-call-expression
692 silly CHANGE node_modules/@babel/helper-module-transforms
693 silly CHANGE node_modules/@babel/helper-module-imports
694 silly CHANGE node_modules/@babel/helper-member-expression-to-functions
695 silly CHANGE node_modules/@babel/helper-globals
696 silly CHANGE node_modules/@babel/helper-create-class-features-plugin
697 silly CHANGE node_modules/@babel/helper-create-class-features-plugin/node_modules/semver
698 silly CHANGE node_modules/@babel/helper-compilation-targets
699 silly CHANGE node_modules/@babel/helper-compilation-targets/node_modules/semver
700 silly CHANGE node_modules/@babel/helper-annotate-as-pure
701 silly CHANGE node_modules/@babel/generator
702 silly CHANGE node_modules/@babel/core
703 silly CHANGE node_modules/@babel/core/node_modules/semver
704 silly CHANGE node_modules/@babel/compat-data
705 silly CHANGE node_modules/@babel/code-frame
706 silly CHANGE node_modules/yaml
707 silly CHANGE node_modules/wsl-utils
708 silly CHANGE node_modules/vue-router
709 silly CHANGE node_modules/vue-router/node_modules/@babel/types
710 silly CHANGE node_modules/vue-router/node_modules/@babel/parser
711 silly CHANGE node_modules/vue-router/node_modules/@babel/helper-validator-identifier
712 silly CHANGE node_modules/vue-router/node_modules/@babel/helper-string-parser
713 silly CHANGE node_modules/vue-router/node_modules/@babel/generator
714 silly CHANGE node_modules/vue-eslint-parser
715 silly CHANGE node_modules/vue
716 silly CHANGE node_modules/vite-plugin-vue-inspector
717 silly CHANGE node_modules/vite-plugin-vue-devtools
718 silly CHANGE node_modules/vite-plugin-inspect
719 silly CHANGE node_modules/vite-hot-client
720 silly CHANGE node_modules/vite-dev-rpc
721 silly CHANGE node_modules/vite-dev-rpc/node_modules/birpc
722 silly CHANGE node_modules/vite
723 silly CHANGE node_modules/update-browserslist-db
724 silly CHANGE node_modules/unplugin-utils
725 silly CHANGE node_modules/unplugin
726 silly CHANGE node_modules/shell-quote
727 silly CHANGE node_modules/semver
728 silly CHANGE node_modules/rolldown
729 silly CHANGE node_modules/readdirp
730 silly CHANGE node_modules/read-package-json-fast
731 silly CHANGE node_modules/prettier
732 silly CHANGE node_modules/powershell-utils
733 silly CHANGE node_modules/postcss-selector-parser
734 silly CHANGE node_modules/pidtree
735 silly CHANGE node_modules/picomatch
736 silly CHANGE node_modules/oxlint
737 silly CHANGE node_modules/open
738 silly CHANGE node_modules/obug
739 silly CHANGE node_modules/npm-run-all2
740 silly CHANGE node_modules/npm-run-all2/node_modules/which
741 silly CHANGE node_modules/npm-run-all2/node_modules/isexe
742 silly CHANGE node_modules/npm-normalize-package-bin
743 silly CHANGE node_modules/nostics
744 silly CHANGE node_modules/node-releases
745 silly CHANGE node_modules/minimatch
746 silly CHANGE node_modules/local-pkg
747 silly CHANGE node_modules/lightningcss-win32-arm64-msvc
748 silly CHANGE node_modules/lightningcss-linux-x64-musl
749 silly CHANGE node_modules/lightningcss-linux-x64-gnu
750 silly CHANGE node_modules/lightningcss-linux-arm64-musl
751 silly CHANGE node_modules/lightningcss-linux-arm64-gnu
752 silly CHANGE node_modules/lightningcss-linux-arm-gnueabihf
753 silly CHANGE node_modules/lightningcss-freebsd-x64
754 silly CHANGE node_modules/lightningcss-darwin-x64
755 silly CHANGE node_modules/lightningcss-darwin-arm64
756 silly CHANGE node_modules/lightningcss-android-arm64
757 silly CHANGE node_modules/json-parse-even-better-errors
758 silly CHANGE node_modules/is-in-ssh
759 silly CHANGE node_modules/globals
760 silly CHANGE node_modules/fsevents
761 silly CHANGE node_modules/flatted
762 silly CHANGE node_modules/exsolve
763 silly CHANGE node_modules/eslint-plugin-vue
764 silly CHANGE node_modules/eslint-plugin-oxlint
765 silly CHANGE node_modules/eslint
766 silly CHANGE node_modules/electron-to-chromium
767 silly CHANGE node_modules/caniuse-lite
768 silly CHANGE node_modules/browserslist
769 silly CHANGE node_modules/brace-expansion
770 silly CHANGE node_modules/bootstrap
771 silly CHANGE node_modules/baseline-browser-mapping
772 silly CHANGE node_modules/ast-walker-scope
773 silly CHANGE node_modules/ansis
774 silly CHANGE node_modules/ansi-styles
775 silly CHANGE node_modules/acorn
776 verbose cwd C:\Users\Usuario\Desktop\hackas\instituto-med-FEAT-Fluxograma
777 verbose os Windows_NT 10.0.19045
778 verbose node v22.20.0
779 verbose npm  v10.9.3
780 notice
780 notice New major version of npm available! 10.9.3 -> 12.0.2
780 notice Changelog: https://github.com/npm/cli/releases/tag/v12.0.2
780 notice To update run: npm install -g npm@12.0.2
780 notice  { force: true, [Symbol(proc-log.meta)]: true }
781 verbose exit 0
782 info ok
